problem_solution_key,id,title,solution_column,solution_index,source_broad_tag,source_broad_score,BACKTRACKING,BFS,BINARY_SEARCH,BITMASK,BRUTE_FORCE,COMBINATORICS,DFS,DIJKSTRA,DP,FENWICK_TREE,GCD_LCM,GEOMETRY,GRAPH,GREEDY,MATH,MODULAR_ARITHMETIC,PARAMETRIC_SEARCH,PREFIX_SUM,PRIORITY_QUEUE,SEGMENT_TREE,SIEVE,SIMULATION,SORTING,STACK,TOPO_SORT,TREE,TWO_POINTERS,UNION_FIND,recheck_best_candidate,recheck_best_score,recheck_decision,recheck_reason
1475_D_solution_2,1475_D,Cleaning the Phone,solution_2,2,GREEDY,95,,,85,,,,,,0,0,,,0,,,,0,,0,0,,,90,0,,,0,0,SORTING,90,KEEP_ORIGINAL,"정렬과 이분 탐색이 사용되었으나, 전체적인 풀이의 핵심 논리는 비용별 최대 메모리 선택이라는 그리디 전략에 기반함"
1475_D_solution_4,1475_D,Cleaning the Phone,solution_4,4,GREEDY,90,,,95,,,,,,0,0,,,0,,,,0,,0,0,,,85,0,,,0,0,BINARY_SEARCH,95,LIKELY_SPECIFIC_ALGORITHM,"전체적인 전략은 GREEDY하지만, 실제 구현에서 시간복잡도를 결정하고 최적의 k값을 찾는 핵심 기법은 누적합 상의 BINARY_SEARCH임"
1475_D_solution_5,1475_D,Cleaning the Phone,solution_5,5,GREEDY,85,,,95,,,,,,0,0,,,0,,,,0,,0,0,,,90,0,,,0,0,BINARY_SEARCH,95,LIKELY_SPECIFIC_ALGORITHM,"단순 그리디 선택을 넘어, 누적합 배열에 대한 이분 탐색이 시간복잡도를 결정하는 핵심 구조임."
1475_D_solution_8,1475_D,Cleaning the Phone,solution_8,8,GREEDY,95,,,40,,,,,,10,0,,,0,,,,0,,0,0,,,95,0,,,90,0,SORTING,95,KEEP_ORIGINAL,"내림차순 정렬 후 가장 큰 값부터 선택하는 그리디 전략이 핵심이며, 이를 효율적으로 구현하기 위해 투 포인터가 사용되었으므로 적절한 분류임."
1475_D_solution_6,1475_D,Cleaning the Phone,solution_6,6,GREEDY,90,,,85,,,,,,0,0,,,0,,,,0,,0,0,,,95,0,,,40,0,SORTING,95,LIKELY_SPECIFIC_ALGORITHM,"그리디 전략을 바탕으로 하지만, 실제 구현의 핵심 시간 복잡도와 탐색 구조는 정렬과 이분 탐색(BINARY_SEARCH)에 의해 결정됨."
1475_D_solution_1,1475_D,Cleaning the Phone,solution_1,1,GREEDY,95,,,90,,,,,,0,0,,,0,,,,0,,0,0,,,85,0,,,0,0,BINARY_SEARCH,90,KEEP_ORIGINAL,"그리디 전략(정렬 후 큰 값부터 선택)이 문제 해결의 근본적인 접근법이며, 이분 탐색은 이를 효율적으로 구현하기 위한 수단으로 사용됨."
1475_D_solution_7,1475_D,Cleaning the Phone,solution_7,7,GREEDY,95,,,90,,,,,,0,0,,,0,,,,0,,0,0,,,95,0,,,20,0,SORTING,95,KEEP_ORIGINAL,"정렬과 이분 탐색은 그리디 전략을 효율적으로 구현하기 위한 도구이며, 핵심 논리는 '메모리가 큰 것부터 선택'하는 그리디 접근법에 있다."
1475_D_solution_3,1475_D,Cleaning the Phone,solution_3,3,GREEDY,90,,,20,,,,,,10,0,,,0,,,,20,,0,0,,,95,0,,,85,0,SORTING,95,KEEP_ORIGINAL,"정렬된 상태에서 투포인터를 이용한 그리디 탐색이 가장 효율적인 최적해 도출 방법이며, 구현된 로직과 일치함."
1475_D_solution_9,1475_D,Cleaning the Phone,solution_9,9,GREEDY,90,,,0,,,,,,0,0,,,0,,,,0,,0,0,,,95,0,,,90,0,SORTING,95,LIKELY_SPECIFIC_ALGORITHM,"그리디한 선택을 위해 정렬이 필수적이며, 두 그룹 간의 최적 조합을 찾기 위해 투 포인터(TWO_POINTERS) 구조가 핵심적으로 사용됨."
1475_D_solution_12,1475_D,Cleaning the Phone,solution_12,12,GREEDY,90,,,85,,,,,,0,0,,,0,,,,0,,0,0,,,95,0,,,0,0,SORTING,95,KEEP_ORIGINAL,"비용별 최대 용량 앱을 우선 선택하는 그리디 전략이 풀이의 핵심 논리이며, 정렬과 이분 탐색은 이를 구현하기 위한 도구임"
1475_D_solution_11,1475_D,Cleaning the Phone,solution_11,11,GREEDY,95,,,0,,,,,,0,0,,,0,,,,0,,85,0,,,40,0,,,0,0,PRIORITY_QUEUE,85,KEEP_ORIGINAL,"그리디 전략을 구현하기 위해 PriorityQueue를 사용한 것이 명확하며, 다른 특정 알고리즘으로 대체될 구조가 아님"
1475_D_solution_10,1475_D,Cleaning the Phone,solution_10,10,GREEDY,95,,,0,,,,,,0,0,,,0,,,,0,,0,0,,,90,0,,,85,0,SORTING,90,KEEP_ORIGINAL,"정렬과 투 포인터는 그리디 전략을 구현하기 위한 최적화 수단이며, 풀이의 핵심 논리는 가중치별 최적 선택을 수행하는 그리디에 있음."
1475_D_solution_14,1475_D,Cleaning the Phone,solution_14,14,GREEDY,95,,,0,,,,,,0,0,,,0,,,,0,,0,0,,,90,0,,,20,0,SORTING,90,KEEP_ORIGINAL,"정렬은 그리디 선택을 위한 전처리 단계이며, 핵심 로직은 매 순간 최적의 앱을 선택하는 그리디 전략임"
1475_D_solution_17,1475_D,Cleaning the Phone,solution_17,17,GREEDY,95,,,85,,,,,,0,0,,,0,,,,0,,0,0,,,90,0,,,40,0,SORTING,90,KEEP_ORIGINAL,"내림차순 정렬 후 선택하는 전형적인 Greedy 문제이며, 이분 탐색은 이를 가속하기 위한 도구로 사용되었음"
1475_D_solution_18,1475_D,Cleaning the Phone,solution_18,18,GREEDY,95,,,85,,,,,,0,0,,,0,,,,0,,0,0,,,90,0,,,0,0,SORTING,90,KEEP_ORIGINAL,"정렬 후 최댓값을 우선 선택하는 전형적인 Greedy 전략이며, 이분 탐색은 이를 보조하는 수단으로 사용됨"
1475_D_solution_16,1475_D,Cleaning the Phone,solution_16,16,GREEDY,90,,,0,,,,,,0,0,,,0,,,,0,,0,0,,,95,0,,,90,0,SORTING,95,LIKELY_SPECIFIC_ALGORITHM,"그리디한 선택을 위해 SORTING이 필수적이며, 최적의 조합을 찾기 위해 TWO_POINTERS 구조가 시간복잡도를 결정함"
1475_D_solution_13,1475_D,Cleaning the Phone,solution_13,13,GREEDY,85,,,90,,,,,,0,0,,,0,,,,95,,0,0,,,85,0,,,0,0,PARAMETRIC_SEARCH,95,LIKELY_SPECIFIC_ALGORITHM,"그리디한 선택이 포함되어 있으나, 전체적인 풀이 구조와 시간복잡도를 결정하는 핵심은 정답 값에 대한 이분 탐색(Parametric Search)임"
1475_D_solution_19,1475_D,Cleaning the Phone,solution_19,19,GREEDY,90,,,95,,,,,,0,0,,,0,,,,0,,0,0,,,85,0,,,0,0,BINARY_SEARCH,95,LIKELY_SPECIFIC_ALGORITHM,"그리디한 정렬 선택이 기반이 되지만, 실제 최적의 조합을 찾는 핵심 메커니즘은 누적합 기반의 이분 탐색임."
1475_D_solution_20,1475_D,Cleaning the Phone,solution_20,20,GREEDY,95,,,0,,,,,,10,0,,,0,,,,0,,0,0,,,85,0,,,0,0,SORTING,85,KEEP_ORIGINAL,"전형적인 그리디 전략이며, 정렬은 그리디를 위한 도구로 사용됨. 다른 구체적 알고리즘이 핵심 구조를 대체하지 않음"
487_A_solution_1,487_A,Fight the Monster,solution_1,1,MATH,60,,,0,,95,0,,,0,,0,0,,0,,0,0,,,,0,,,,,,,,BRUTE_FORCE,95,LIKELY_SPECIFIC_ALGORITHM,"단순 산술 계산이 포함되어 있으나, 전체적인 문제 해결 구조는 가능한 모든 경우의 수를 탐색하는 BRUTE_FORCE가 핵심임"
487_A_solution_5,487_A,Fight the Monster,solution_5,5,MATH,60,,,0,,95,0,,,0,,0,0,,0,,0,0,,,,0,,,,,,,,BRUTE_FORCE,95,LIKELY_SPECIFIC_ALGORITHM,"수학적 계산이 포함되어 있으나, 풀이의 핵심 구조는 모든 가능한 ATK/DEF 조합을 확인하는 BRUTE_FORCE에 있음"
487_A_solution_6,487_A,Fight the Monster,solution_6,6,MATH,60,,,0,,95,0,,,0,,0,0,,0,,0,0,,,,0,,,,,,,,BRUTE_FORCE,95,KEEP_ORIGINAL,"단순한 산술 연산(나눗셈, 곱셈)이 사용되었으나, 문제 해결의 핵심은 수학적 정리보다 가능한 조합을 모두 확인하는 브루트포스 구조에 있음."
487_A_solution_8,487_A,Fight the Monster,solution_8,8,DP,65,,0,0,0,,,0,0,,0,,,,0,,,,0,,0,,,,,0,0,,,PREFIX_SUM,0,LIKELY_SPECIFIC_ALGORITHM,메모이제이션 구조를 띠고 있으나 실제로는 제한된 범위 내의 모든 ATK/DEF 조합을 확인하는 완전 탐색(BRUTE_FORCE)이 핵심임
487_A_solution_12,487_A,Fight the Monster,solution_12,12,MATH,60,,,0,,95,0,,,0,,0,0,,0,,0,0,,,,0,,,,,,,,BRUTE_FORCE,95,KEEP_ORIGINAL,"단순 산술 계산은 포함되어 있으나, 특정한 수학적 정리를 이용한 풀이가 아니라 전수 조사가 핵심임."
487_A_solution_14,487_A,Fight the Monster,solution_14,14,MATH,60,,,0,,95,0,,,0,,0,0,,0,,0,0,,,,0,,,,,,,,BRUTE_FORCE,95,LIKELY_SPECIFIC_ALGORITHM,"단순한 산술 계산(ceil)이 포함되어 있으나, 전체 풀이 구조는 BRUTE_FORCE에 의해 결정됨"
487_A_solution_13,487_A,Fight the Monster,solution_13,13,MATH,60,,,0,,95,0,,,0,,0,0,,0,,0,0,,,,0,,,,,,,,BRUTE_FORCE,95,KEEP_ORIGINAL,"수식 계산이 포함되어 있으나, 문제 해결의 핵심 구조는 모든 조합을 시도하는 완전 탐색에 있음."
487_A_solution_16,487_A,Fight the Monster,solution_16,16,MATH,80,,,0,,95,0,,,0,,0,0,,0,,0,0,,,,0,,,,,,,,BRUTE_FORCE,95,KEEP_ORIGINAL,"기본적인 산술 연산(나눗셈, 올림)을 사용하고 있으나, 수학적 정리가 핵심인 문제라기보다는 가능한 조합을 찾는 브루트포스가 핵심임."
487_A_solution_18,487_A,Fight the Monster,solution_18,18,MATH,60,,,0,,95,0,,,0,,0,0,,0,,0,0,,,,0,,,,,,,,BRUTE_FORCE,95,KEEP_ORIGINAL,"기본적인 산술 계산이 포함되어 있으나, 전체 풀이의 핵심은 모든 조합을 찾는 브루트포스 탐색임"
487_A_solution_20,487_A,Fight the Monster,solution_20,20,MATH,60,,,0,,100,0,,,0,,0,0,,0,,0,0,,,,0,,,,,,,,BRUTE_FORCE,100,KEEP_ORIGINAL,"단순한 사칙연산과 올림 계산이 포함되어 있으나, 풀이의 핵심은 가능한 모든 능력치 조합을 조사하는 BRUTE_FORCE에 있음"
1367_C_solution_1,1367_C,Social Distance,solution_1,1,GREEDY,95,,,0,,,,,,10,0,,,0,,,,0,,0,0,,,0,0,,,40,0,TWO_POINTERS,40,KEEP_ORIGINAL,"가장 왼쪽부터 배치하는 Greedy 전략이 최적임이 명확하며, 슬라이딩 윈도우는 이를 구현하기 위한 최적화 도구일 뿐임"
1367_C_solution_2,1367_C,Social Distance,solution_2,2,GREEDY,95,,,0,,,,,,0,0,,,0,,,,0,,0,0,,,0,0,,,0,0,SORTING,0,KEEP_ORIGINAL,"단순 구간 계산을 통한 최적해 도출 방식으로, 다른 구체적인 알고리즘으로 대체할 필요가 없는 전형적인 그리디/수학 문제임"
1367_C_solution_2,1367_C,Social Distance,solution_2,2,MATH,80,,,0,,0,40,,,0,,0,0,,95,,0,0,,,,0,,,,,,,,GREEDY,95,KEEP_ORIGINAL,"기본적인 사칙연산 및 나눗셈을 이용한 길이 계산이 핵심이며, 특정 고등 수학 태그로 분류하기보다 그리디한 접근의 보조 수단으로 쓰인 수학으로 판단됨"
1367_C_solution_5,1367_C,Social Distance,solution_5,5,GREEDY,95,,,0,,,,,,0,0,,,0,,,,0,,0,0,,,0,0,,,0,0,SORTING,0,KEEP_ORIGINAL,왼쪽부터 차례대로 채워나가는 그리디 전략이 본 문제의 최적해를 보장함
1367_C_solution_3,1367_C,Social Distance,solution_3,3,GREEDY,95,,,0,,,,,,0,0,,,0,,,,0,,0,0,,,0,0,,,10,0,TWO_POINTERS,10,KEEP_ORIGINAL,"가장 왼쪽부터 가능한 위치에 배치하는 단순 그리디 전략이 최적해를 보장하는 문제이며, 다른 복잡한 알고리즘이 필요하지 않음"
1367_C_solution_4,1367_C,Social Distance,solution_4,4,GREEDY,95,,,0,,,,,,0,0,,,0,,,,0,,0,0,,,0,0,,,0,0,SORTING,0,KEEP_ORIGINAL,단순 선형 구조에서 가장 앞선 가능한 위치를 선택하는 전형적인 그리디 풀이임
1367_C_solution_6,1367_C,Social Distance,solution_6,6,GREEDY,95,,,0,,,,,,0,0,,,0,,,,0,,0,0,,,0,0,,,0,0,SORTING,0,KEEP_ORIGINAL,"전형적인 구간 그리디 문제이며, 별도의 복잡한 자료구조 없이 수학적 계산만으로 해결 가능함"
1367_C_solution_6,1367_C,Social Distance,solution_6,6,MATH,90,,,0,,0,0,,,0,,0,0,,95,,0,0,,,,0,,,,,,,,GREEDY,95,KEEP_ORIGINAL,"수학적 계산이 사용되었으나, 전체적인 풀이의 방향성은 그리디한 배치 전략에 기반함"
1367_C_solution_7,1367_C,Social Distance,solution_7,7,GREEDY,95,,,0,,,,,,10,0,,,0,,,,0,,0,0,,,0,0,,,0,0,DP,10,KEEP_ORIGINAL,특정 자료구조를 이용한 최적화보다 단순 순회 기반의 그리디 배치가 문제의 핵심 논리임
1367_C_solution_8,1367_C,Social Distance,solution_8,8,GREEDY,95,,,0,,,,,,0,0,,,0,,,,0,,0,0,,,0,0,,,0,0,SORTING,0,KEEP_ORIGINAL,"구간별로 최대 개수를 채우는 전형적인 그리디 접근 방식이며, 더 구체적인 자료구조나 알고리즘이 필요하지 않음."
1367_C_solution_8,1367_C,Social Distance,solution_8,8,MATH,85,,,0,,0,0,,,0,,0,0,,95,,0,0,,,,0,,,,,,,,GREEDY,95,KEEP_ORIGINAL,"단순한 정수 나눗셈을 통한 개수 산출이므로, 더 구체적인 수학 분과(정수론 등)로 분류하기보다 일반적인 MATH/GREEDY 조합이 적절함."
1367_C_solution_9,1367_C,Social Distance,solution_9,9,GREEDY,95,,,0,,,,,,10,0,,,0,,,,0,,0,0,,,0,0,,,30,0,TWO_POINTERS,30,KEEP_ORIGINAL,"단순 선형 탐색과 그리디 선택으로 문제가 해결되며, 더 구체적인 알고리즘(예: 세그먼트 트리 등)을 사용할 필요가 없는 구조임"
1367_C_solution_11,1367_C,Social Distance,solution_11,11,GREEDY,95,,,0,,,,,,0,0,,,0,,,,0,,0,0,,,0,0,,,0,0,SORTING,0,KEEP_ORIGINAL,"전형적인 그리디 배치 문제이며, 특정 고급 자료구조나 다른 알고리즘으로 대체할 필요 없이 수학적 계산만으로 최적해가 보장됩니다."
1367_C_solution_11,1367_C,Social Distance,solution_11,11,MATH,80,,,0,,0,0,,,0,,0,0,,95,,0,0,,,,0,,,,,,,,GREEDY,95,KEEP_ORIGINAL,"단순 산술 연산(나눗셈, 나머지)을 이용한 배치 계산이므로, 구체적인 수학 이론보다는 그리디한 배치 전략의 보조 수단으로 수학이 사용되었습니다."
1367_C_solution_10,1367_C,Social Distance,solution_10,10,GREEDY,95,,,0,,,,,,10,0,,,0,,,,0,,0,0,,,0,0,,,0,0,DP,10,KEEP_ORIGINAL,"구간별 최적 배치를 수행하는 그리디 접근이 명확하며, 다른 구체적인 알고리즘으로 대체할 필요가 없음."
1367_C_solution_10,1367_C,Social Distance,solution_10,10,MATH,85,,,0,,0,0,,,10,,0,0,,95,,0,0,,,,0,,,,,,,,GREEDY,95,KEEP_ORIGINAL,"수학적 나눗셈 공식이 사용되었으나, 이는 그리디한 배치 전략을 구현하기 위한 수단임."
1367_C_solution_12,1367_C,Social Distance,solution_12,12,GREEDY,95,,,0,,,,,,10,0,,,0,,,,0,,0,0,,,0,0,,,0,0,DP,10,KEEP_ORIGINAL,"단순 구간 계산 기반의 그리디 풀이가 최적이며, 다른 복잡한 자료구조나 알고리즘이 필요하지 않음"
1367_C_solution_12,1367_C,Social Distance,solution_12,12,MATH,60,,,0,,0,0,,,0,,0,0,,95,,0,0,,,,0,,,,,,,,GREEDY,95,KEEP_ORIGINAL,"사칙연산을 이용한 인원수 계산이 포함되어 있으나, 핵심은 거리 제약을 만족하는 그리디한 배치 전략임"
1367_C_solution_15,1367_C,Social Distance,solution_15,15,GREEDY,95,,,0,,,,,,0,0,,,0,,,,0,,0,0,,,0,0,,,20,0,TWO_POINTERS,20,KEEP_ORIGINAL,"단순 선형 탐색과 거리 기반 조건 체크로 충분히 해결 가능한 문제이며, 다른 구체적 알고리즘을 도입할 필요가 없는 전형적인 그리디 문제임"
1367_C_solution_14,1367_C,Social Distance,solution_14,14,GREEDY,90,,,0,,,,,,10,10,,,0,,,,0,,0,10,,,0,0,,,20,0,TWO_POINTERS,20,KEEP_ORIGINAL,"가장 왼쪽부터 가능한 자리를 채우는 Greedy 전략이 핵심이며, 누적합은 이를 보조하는 도구일 뿐임."
1367_C_solution_13,1367_C,Social Distance,solution_13,13,GREEDY,95,,,0,,,,,,0,0,,,0,,,,0,,0,0,,,0,0,,,0,0,SORTING,0,KEEP_ORIGINAL,"구간별로 최선의 배치를 하는 전형적인 그리디 접근법이며, 수식으로 최적해가 증명되는 단순 구조입니다."
1367_C_solution_13,1367_C,Social Distance,solution_13,13,MATH,85,,,0,,0,0,,,0,,0,0,,95,,0,0,,,,0,,,,,,,,GREEDY,95,KEEP_ORIGINAL,"단순 사칙연산 및 몫 계산(floor division)만 사용되었으므로, 고등 수학보다는 그리디 전략의 구현 수단으로 MATH가 사용된 것입니다."
1367_C_solution_16,1367_C,Social Distance,solution_16,16,GREEDY,95,,,0,,,,,,0,0,,,0,,,,0,,0,0,,,0,0,,,0,0,SORTING,0,KEEP_ORIGINAL,"각 빈 구간에서 거리 k를 유지하며 최대한 많이 배치하는 단순 그리디 전략이 최적해를 보장하며, 다른 복잡한 알고리즘의 필요성이 없음."
1367_C_solution_16,1367_C,Social Distance,solution_16,16,MATH,60,,,0,,0,0,,,0,,0,0,,95,,0,0,,,,0,,,,,,,,GREEDY,95,LIKELY_SPECIFIC_ALGORITHM,"기초적인 산술 계산이 포함되어 MATH 점수가 부여되었으나, 실제 풀이의 핵심 논리는 GREEDY한 배치 전략에 있음."
1367_C_solution_18,1367_C,Social Distance,solution_18,18,GREEDY,95,,,0,,,,,,0,0,,,0,,,,0,,0,0,,,0,0,,,0,0,SORTING,0,KEEP_ORIGINAL,"그리디한 선택(최대한 촘촘한 배치)과 이를 계산하는 수학적 공식이 핵심이며, 다른 구체적인 알고리즘으로 대체될 여지가 없음"
1367_C_solution_18,1367_C,Social Distance,solution_18,18,MATH,90,,,0,,0,0,,,0,,0,0,,95,,0,0,,,,0,,,,,,,,GREEDY,95,KEEP_ORIGINAL,정수 나눗셈을 이용한 간격 계산이라는 수학적 성질을 이용한 그리디 풀이임
1367_C_solution_17,1367_C,Social Distance,solution_17,17,GREEDY,90,,,0,,,,,,0,0,,,0,,,,0,,0,0,,,0,0,,,0,0,SORTING,0,KEEP_ORIGINAL,"단순한 간격 계산 문제로, 그리디하게 최대한 많이 배치하는 논리가 적절함."
1367_C_solution_17,1367_C,Social Distance,solution_17,17,MATH,75,,,0,,0,0,,,0,,0,0,,90,,0,0,,,,0,,,,,,,,GREEDY,90,KEEP_ORIGINAL,단순 사칙연산과 나눗셈을 이용한 거리 계산이므로 구체적인 수학 알고리즘보다는 GREEDY의 보조 수단으로 사용됨.
1037_C_solution_1,1037_C,Equalize,solution_1,1,GREEDY,95,,,0,,,,,,10,0,,,0,,,,0,,0,0,,,0,0,,,0,0,DP,10,KEEP_ORIGINAL,"인접한 원소만 고려하는 단순 그리디 최적화이며, 다른 복잡한 알고리즘이 필요하지 않음"
1367_C_solution_19,1367_C,Social Distance,solution_19,19,GREEDY,90,,,0,,,,,,0,0,,,0,,,,0,,0,0,,,0,0,,,50,0,TWO_POINTERS,50,KEEP_ORIGINAL,"그리디하게 간격을 메우는 전략이 핵심이며, 투포인터는 단순히 구간을 찾는 도구로 사용됨."
1367_C_solution_19,1367_C,Social Distance,solution_19,19,MATH,75,,,0,,0,0,,,0,,0,0,,90,,0,0,,,,0,,,,,,,,GREEDY,90,KEEP_ORIGINAL,"수식 사용은 그리디 전략을 효율적으로 구현하기 위한 수단이며, 문제의 본질은 그리디한 배치임."
1037_C_solution_2,1037_C,Equalize,solution_2,2,GREEDY,95,,,0,,,,,,10,0,,,0,,,,0,,0,0,,,0,0,,,0,0,DP,10,KEEP_ORIGINAL,"인접한 원소에 대한 그리디 선택이 명확하며, 다른 특수 자료구조나 알고리즘이 필요하지 않은 단순 구조임"
1037_C_solution_3,1037_C,Equalize,solution_3,3,GREEDY,95,,,0,,,,,,30,0,,,0,,,,0,,0,0,,,0,0,,,20,0,DP,30,KEEP_ORIGINAL,"인접 스왑 비용이 1이고 개별 반전 비용이 1이므로, 인접한 불일치 쌍을 먼저 처리하는 그리디 전략이 가장 구체적이고 정확한 풀이임."
1037_C_solution_4,1037_C,Equalize,solution_4,4,GREEDY,95,,,0,,,,,,30,0,,,0,,,,0,,0,0,,,0,0,,,0,0,DP,30,KEEP_ORIGINAL,인접한 두 원소의 상태를 보고 최적의 선택을 하는 그리디 전략이 문제의 비용 구조(|i-j| vs 1)상 최적해를 보장함
1367_C_solution_20,1367_C,Social Distance,solution_20,20,GREEDY,95,,,0,,,,,,0,0,,,0,,,,0,,0,0,,,0,0,,,0,0,SORTING,0,KEEP_ORIGINAL,"단순 구간 합 체크와 그리디한 배치가 핵심이며, 더 구체적인 자료구조나 알고리즘이 필요하지 않음"
1037_C_solution_6,1037_C,Equalize,solution_6,6,GREEDY,95,,,0,,,,,,20,0,,,0,,,,0,,0,0,,,0,0,,,0,0,DP,20,KEEP_ORIGINAL,"인접 요소에 대한 그리디 선택이 전체 최적해를 보장하는 전형적인 문제이며, 더 구체적인 알고리즘으로 대체할 필요가 없음."
1037_C_solution_5,1037_C,Equalize,solution_5,5,GREEDY,95,,,0,,,,,,30,0,,,0,,,,0,,0,0,,,0,0,,,20,0,DP,30,KEEP_ORIGINAL,인접한 불일치 쌍을 스왑하는 것이 국소적/전역적으로 최적임을 보장하는 전형적인 그리디 풀이임.
1037_C_solution_7,1037_C,Equalize,solution_7,7,GREEDY,90,,,0,,,,,,0,0,,,0,,,,0,,0,0,,,0,0,,,20,0,TWO_POINTERS,20,KEEP_ORIGINAL,인접한 원소 간의 관계만 고려하여 즉각적인 최적 선택을 하는 전형적인 그리디 구조임
1037_C_solution_8,1037_C,Equalize,solution_8,8,GREEDY,95,,,0,,,,,,0,0,,,0,,,,0,,0,0,,,0,0,,,0,0,SORTING,0,KEEP_ORIGINAL,"단순 선형 탐색 기반의 그리디 풀이이며, 다른 구체적인 알고리즘 기법이 필요하지 않음"
1037_C_solution_9,1037_C,Equalize,solution_9,9,GREEDY,95,,,0,,,,,,20,0,,,0,,,,0,,0,0,,,0,0,,,0,0,DP,20,KEEP_ORIGINAL,"인접 요소 간의 스왑 여부를 결정하는 단순 그리디 전략이 최적이며, 다른 복잡한 알고리즘이 필요하지 않음"
1037_C_solution_10,1037_C,Equalize,solution_10,10,GREEDY,95,,,0,,,,,,20,0,,,0,,,,0,,0,0,,,0,0,,,0,0,DP,20,KEEP_ORIGINAL,"인접 원소 간의 최적 선택을 통해 전체 최적해를 구하는 전형적인 그리디 문제이며, DP로도 풀 수 있으나 그리디가 더 효율적이고 명확함."
1037_C_solution_11,1037_C,Equalize,solution_11,11,GREEDY,95,,,0,,,,,,20,0,,,0,,,,0,,0,0,,,0,0,,,0,0,DP,20,KEEP_ORIGINAL,"인접 요소 간의 단순 비교 및 결정 구조이며, 더 구체적인 특수 알고리즘(세그먼트 트리, 유니온 파인드 등)이 필요하지 않은 단순 그리디 풀이임."
1037_C_solution_12,1037_C,Equalize,solution_12,12,GREEDY,95,,,0,,,,,,10,0,,,0,,,,0,,0,0,,,0,0,,,0,0,DP,10,KEEP_ORIGINAL,"전형적인 그리디 문제이며, 다른 구체적인 자료구조나 알고리즘이 핵심이 아님."
1037_C_solution_13,1037_C,Equalize,solution_13,13,GREEDY,95,,,0,,,,,,30,0,,,0,,,,0,,0,0,,,0,0,,,0,0,DP,30,KEEP_ORIGINAL,"인접 요소 간의 최적 선택을 수행하는 전형적인 그리디 알고리즘이며, 다른 구체적인 알고리즘 기법이 필요하지 않음"
1037_C_solution_15,1037_C,Equalize,solution_15,15,GREEDY,95,,,0,,,,,,40,0,,,0,,,,0,,0,0,,,0,0,,,0,0,DP,40,KEEP_ORIGINAL,"인접 요소 간의 국소적 최적 선택(스왑)이 전체 최적해를 보장하는 전형적인 그리디 구조이며, DP보다 훨씬 효율적으로 구현됨."
1037_C_solution_16,1037_C,Equalize,solution_16,16,GREEDY,95,,,0,,,,,,20,0,,,0,,,,0,,0,0,,,0,0,,,0,0,DP,20,KEEP_ORIGINAL,"인접한 불일치 지점을 즉시 해결하는 방식이 가장 효율적이며, 다른 구체적인 알고리즘이 시간 복잡도나 정답 논리를 결정하지 않음."
1037_C_solution_14,1037_C,Equalize,solution_14,14,GREEDY,95,,,0,,,,,,0,0,,,0,,,,0,,0,0,,,0,0,,,0,0,SORTING,0,KEEP_ORIGINAL,"인접한 원소 간의 최적 선택을 수행하는 전형적인 Greedy 문제이며, 다른 구체적인 자료구조나 알고리즘이 필요하지 않음"
1037_C_solution_17,1037_C,Equalize,solution_17,17,GREEDY,95,,,0,,,,,,10,0,,,0,,,,0,,0,0,,,0,0,,,0,0,DP,10,KEEP_ORIGINAL,단순한 인접 요소 비교를 통한 최적 선택이므로 GREEDY가 가장 적절함
1037_C_solution_19,1037_C,Equalize,solution_19,19,GREEDY,95,,,0,,,,,,20,0,,,0,,,,0,,0,0,,,0,0,,,0,0,DP,20,KEEP_ORIGINAL,"인접한 원소 간의 최적 선택을 즉시 수행하는 전형적인 그리디 풀이이며, 더 복잡한 자료구조나 알고리즘이 필요하지 않음."
1037_C_solution_18,1037_C,Equalize,solution_18,18,DP,95,,0,0,0,,,0,0,,0,,,,30,,,,0,,0,,,,,0,0,,,GREEDY,30,KEEP_ORIGINAL,"명확한 점화식(min(approach1, approach2))과 이전 상태(dp[-1], dp[-2])를 이용한 전이가 확인됨."
1037_C_solution_20,1037_C,Equalize,solution_20,20,GREEDY,95,,,0,,,,,,10,0,,,0,,,,0,,0,0,,,0,0,,,0,0,DP,10,KEEP_ORIGINAL,"단순한 선형 스캔 기반의 그리디 알고리즘이며, 더 구체적인 알고리즘(세그먼트 트리, 이분 탐색 등)이 필요하지 않은 문제 구조임."
804_B_solution_3,804_B,Minimum number of steps,solution_3,3,DP,60,,0,0,0,,,0,0,,0,,,,30,,,,0,,0,,,,,0,0,,,GREEDY,30,KEEP_ORIGINAL,"단순 점화식을 통한 값 계산이며, 복잡한 상태 전이 DP가 아님."
804_B_solution_3,804_B,Minimum number of steps,solution_3,3,MATH,95,,,0,,0,50,,,60,,0,0,,30,,90,0,,,,0,,,,,,,,MODULAR_ARITHMETIC,90,KEEP_ORIGINAL,거듭제곱의 합과 모듈러 연산이 핵심인 전형적인 MATH 문제임.
804_B_solution_2,804_B,Minimum number of steps,solution_2,2,GREEDY,70,,,0,,,,,,20,0,,,0,,,,0,,0,0,,,0,0,,,0,0,DP,20,KEEP_ORIGINAL,"역순 탐색을 통해 최적의 상태(현재 'a'가 넘어야 할 'b'의 총량)를 결정하는 방식이 그리디한 성격을 띠고 있으나, 본질적으로는 수학적 수열의 합을 구하는 문제임."
804_B_solution_2,804_B,Minimum number of steps,solution_2,2,MATH,95,,,0,,0,40,,,20,,0,0,,70,,90,0,,,,0,,,,,,,,MODULAR_ARITHMETIC,90,LIKELY_SPECIFIC_ALGORITHM,MATH라는 넓은 태그보다 MODULAR_ARITHMETIC과 등비수열적 증가라는 구체적인 수학적 성질이 풀이의 핵심임.
804_B_solution_4,804_B,Minimum number of steps,solution_4,4,MATH,95,,,0,,0,40,,,0,,0,0,,0,,90,0,,,,0,,,,,,,,MODULAR_ARITHMETIC,90,KEEP_ORIGINAL,"MODULAR_ARITHMETIC이 매우 핵심적으로 사용되었으며, 전반적인 풀이 구조가 수학적 패턴 분석에 기반함"
804_B_solution_5,804_B,Minimum number of steps,solution_5,5,MATH,95,,,0,,0,70,,,30,,0,0,,40,,90,0,,,,0,,,,,,,,MODULAR_ARITHMETIC,90,LIKELY_SPECIFIC_ALGORITHM,단순 MATH보다는 MODULAR_ARITHMETIC과 조합론적(Combinatorics) 성질(배수 증가)이 결합된 형태임.
804_B_solution_1,804_B,Minimum number of steps,solution_1,1,MATH,95,,,0,,0,40,,,0,,0,0,,0,,85,0,,,,0,,,,,,,,MODULAR_ARITHMETIC,85,KEEP_ORIGINAL,모듈러 연산과 2의 거듭제곱 형태의 합산이 핵심이므로 MATH 태그가 가장 적절함
804_B_solution_7,804_B,Minimum number of steps,solution_7,7,GREEDY,65,,,0,,,,,,30,0,,,0,,,,0,,0,0,,,0,0,,,0,0,DP,30,LIKELY_SPECIFIC_ALGORITHM,"그리디하게 'ab'를 처리하는 것처럼 보이지만, 실제 핵심은 'a'와 'b'의 상호작용에 따른 지수적 증가라는 수학적 규칙임."
804_B_solution_7,804_B,Minimum number of steps,solution_7,7,MATH,95,,,0,,0,60,,,30,,0,0,,65,,90,0,,,,0,,,,,,,,MODULAR_ARITHMETIC,90,KEEP_ORIGINAL,모듈러 연산과 지수적 증가라는 수학적 성질이 풀이의 핵심이므로 MATH 태그가 가장 적절함.
804_B_solution_6,804_B,Minimum number of steps,solution_6,6,DP,70,,0,0,0,,,0,0,,0,,,,30,,,,0,,0,,,,,0,0,,,GREEDY,30,KEEP_ORIGINAL,"단순한 선형 점화식을 통한 값 전처리는 DP의 성격을 띠지만, 핵심은 수열의 일반항(2^i-1)이라는 수학적 성질임."
804_B_solution_6,804_B,Minimum number of steps,solution_6,6,MATH,95,,,0,,0,50,,,70,,0,0,,30,,90,0,,,,0,,,,,,,,MODULAR_ARITHMETIC,90,KEEP_ORIGINAL,모듈러 연산과 거듭제곱 수열의 성질을 이용한 풀이로 MATH 분류가 가장 적절함.
804_B_solution_8,804_B,Minimum number of steps,solution_8,8,MATH,100,,,0,,0,50,,,20,,0,0,,40,,90,0,,,,0,,,,,,,,MODULAR_ARITHMETIC,90,KEEP_ORIGINAL,"모듈러 연산이 핵심적으로 사용되었으며, 문제의 본질이 변환 규칙에 따른 수식 도출이므로 MATH 분류가 가장 적절함."
804_B_solution_9,804_B,Minimum number of steps,solution_9,9,DP,95,,0,0,0,,,0,0,,0,,,,30,,,,0,,0,,,,,0,0,,,GREEDY,30,KEEP_ORIGINAL,명확한 점화식(f(n)=2f(n-1)+1)이 존재하고 이를 이용해 상태를 전이시키므로 DP가 적절함
804_B_solution_9,804_B,Minimum number of steps,solution_9,9,MATH,85,,,0,,0,60,,,95,,0,0,,30,,70,0,,,,0,,,,,,,,DP,95,REVIEW_NEEDED,"수학적으로는 2^n - 1의 합산 문제이므로 MATH 점수가 매우 높으며, 구현 방식에 따라 DP 또는 MATH로 분류될 수 있음"
804_B_solution_10,804_B,Minimum number of steps,solution_10,10,GREEDY,60,,,0,,,,,,20,0,,,0,,,,0,,0,0,,,0,0,,,0,0,DP,20,KEEP_ORIGINAL,"그리디하게 보일 수 있으나, 실제로는 변환 규칙에 따른 수학적 결과값을 계산하는 과정임"
804_B_solution_10,804_B,Minimum number of steps,solution_10,10,MATH,95,,,0,,0,85,,,20,,0,0,,60,,90,0,,,,0,,,,,,,,MODULAR_ARITHMETIC,90,LIKELY_SPECIFIC_ALGORITHM,단순 MATH보다는 조합론적(Combinatorics) 관점의 카운팅과 모듈러 연산(Modular Arithmetic)이 핵심임
804_B_solution_11,804_B,Minimum number of steps,solution_11,11,DP,95,,0,0,0,,,0,0,,0,,,,0,,,,20,,0,,,,,0,0,,,PREFIX_SUM,20,KEEP_ORIGINAL,"명확한 상태 전이(dp[i] = 2*dp[i-1]+1)가 존재하며, 이를 통해 부분 문제의 결과를 재사용함."
804_B_solution_11,804_B,Minimum number of steps,solution_11,11,MATH,85,,,0,,0,0,,,95,,0,0,,0,,70,0,,,,0,,,,,,,,DP,95,KEEP_ORIGINAL,"수학적 원리(등비수열의 합)가 핵심이지만, 구현상 DP 전처리 구조를 사용함."
804_B_solution_12,804_B,Minimum number of steps,solution_12,12,MATH,95,,,0,,0,60,,,40,,0,0,,40,,90,0,,,,0,,,,,,,,MODULAR_ARITHMETIC,90,KEEP_ORIGINAL,"모듈러 연산을 포함한 수학적 점화식 풀이가 가장 정확하며, 다른 후보들이 이를 대체할 만큼 핵심적이지 않음"
804_B_solution_13,804_B,Minimum number of steps,solution_13,13,GREEDY,85,,,0,,,,,,0,0,,,0,,,,0,,0,0,,,0,0,,,0,0,SORTING,0,KEEP_ORIGINAL,"그리디한 접근(뒤에서부터 처리)은 수학적 규칙을 효율적으로 구현하기 위한 수단이며, 핵심 논리는 수학적 관찰에 기반함."
804_B_solution_13,804_B,Minimum number of steps,solution_13,13,MATH,100,,,0,,0,80,,,0,,0,0,,85,,75,0,,,,0,,,,,,,,GREEDY,85,KEEP_ORIGINAL,"전형적인 조합론적 카운팅과 수열의 합 성질을 이용한 문제로, MATH 태그가 가장 적절함."
804_B_solution_14,804_B,Minimum number of steps,solution_14,14,GREEDY,70,,,0,,,,,,20,0,,,0,,,,0,,0,0,,,0,0,,,0,0,DP,20,KEEP_ORIGINAL,"그리디한 관찰을 통해 수학적 규칙을 찾아낸 것이며, 다른 구체적인 알고리즘이 핵심이 아님."
804_B_solution_14,804_B,Minimum number of steps,solution_14,14,MATH,95,,,0,,0,40,,,20,,0,0,,70,,90,0,,,,0,,,,,,,,MODULAR_ARITHMETIC,90,KEEP_ORIGINAL,지수적 증가와 모듈러 연산이 핵심인 전형적인 수학 문제임.
804_B_solution_15,804_B,Minimum number of steps,solution_15,15,MATH,95,,,0,,0,60,,,20,,0,0,,40,,90,0,,,,0,,,,,,,,MODULAR_ARITHMETIC,90,KEEP_ORIGINAL,모듈러 연산과 거듭제곱 패턴이 핵심이므로 MATH 태그가 가장 적절함.
804_B_solution_16,804_B,Minimum number of steps,solution_16,16,GREEDY,60,,,0,,,,,,0,0,,,0,,,,0,,0,0,,,0,0,,,0,0,SORTING,0,KEEP_ORIGINAL,"그리디한 처리 순서(역방향 순회)를 사용하지만, 이는 수학적 규칙을 효율적으로 구현하기 위한 수단일 뿐 특정 그리디 알고리즘 구조를 사용하는 것은 아님"
804_B_solution_16,804_B,Minimum number of steps,solution_16,16,MATH,95,,,0,,0,70,,,0,,0,0,,60,,85,0,,,,0,,,,,,,,MODULAR_ARITHMETIC,85,KEEP_ORIGINAL,"등비수열적 증가 성질과 모듈러 연산이 결합된 전형적인 수학 문제이며, MATH 태그가 가장 적절함"
804_B_solution_17,804_B,Minimum number of steps,solution_17,17,GREEDY,70,,,0,,,,,,20,0,,,0,,,,0,,0,0,,,0,0,,,0,0,DP,20,KEEP_ORIGINAL,"그리디한 선택(뒤에서부터 처리)이 포함되어 있으나, 핵심은 그 선택의 결과로 나타나는 수학적 수열의 합을 구하는 것임."
804_B_solution_17,804_B,Minimum number of steps,solution_17,17,MATH,95,,,0,,0,40,,,20,,0,0,,70,,90,0,,,,0,,,,,,,,MODULAR_ARITHMETIC,90,KEEP_ORIGINAL,지수적 증가와 모듈러 연산을 이용한 합산이라는 명확한 수학적 구조를 가지고 있음.
804_B_solution_19,804_B,Minimum number of steps,solution_19,19,MATH,95,,,0,,0,80,,,30,,0,0,,40,,85,0,,,,0,,,,,,,,MODULAR_ARITHMETIC,85,KEEP_ORIGINAL,조합론적 관찰과 모듈러 연산이 핵심인 전형적인 수학 문제이다.
804_B_solution_20,804_B,Minimum number of steps,solution_20,20,MATH,95,,,0,,0,70,,,20,,0,0,,40,,90,0,,,,0,,,,,,,,MODULAR_ARITHMETIC,90,KEEP_ORIGINAL,모듈러 연산과 2의 거듭제곱 형태의 증가 패턴이 풀이의 핵심이므로 MATH 분류가 적절함.
804_B_solution_18,804_B,Minimum number of steps,solution_18,18,MATH,95,,,0,,0,70,,,50,,0,0,,40,,60,0,,,,0,,,,,,,,COMBINATORICS,70,KEEP_ORIGINAL,전체적인 풀이 구조가 수학적 규칙 발견과 그에 따른 수식 계산이 핵심이므로 MATH 유지
1165_F2_solution_2,1165_F2,Microtransactions (hard version),solution_2,2,GREEDY,95,,,90,,,,,,0,0,,,0,,,,100,,0,0,,,30,0,,,0,0,PARAMETRIC_SEARCH,100,LIKELY_SPECIFIC_ALGORITHM,"그리디한 검증 과정이 포함되어 있으나, 문제의 전체 구조는 Parametric Search(Binary Search on Answer)가 결정함."
1165_F2_solution_1,1165_F2,Microtransactions (hard version),solution_1,1,GREEDY,90,,,40,,,,,,0,0,,,0,,,,95,,0,0,,,0,0,,,0,0,PARAMETRIC_SEARCH,95,KEEP_ORIGINAL,"내부 판정 로직 자체가 전형적인 그리디(세일 최적 활용)이며, 이를 감싸는 외곽 루프가 파라메트릭 서치임. 그리디 로직 자체는 적절하게 분류됨"
1165_F2_solution_3,1165_F2,Microtransactions (hard version),solution_3,3,GREEDY,90,,,90,,,,,,0,0,,,0,,,,95,,0,0,,,40,0,,,0,0,PARAMETRIC_SEARCH,95,KEEP_ORIGINAL,그리디 전략(가장 늦은 세일 날짜 선택)이 Parametric Search와 결합되어 정답을 도출하는 핵심 구조임.
1165_F2_solution_4,1165_F2,Microtransactions (hard version),solution_4,4,GREEDY,95,,,90,,,,,,0,0,,,0,,,,100,,0,0,,,30,0,,,0,0,PARAMETRIC_SEARCH,100,LIKELY_SPECIFIC_ALGORITHM,"Greedy는 can(day) 판정 함수 내부의 핵심 논리이지만, 문제 전체의 구조와 시간복잡도를 결정하는 외곽 프레임은 Parametric Search임"
1165_F2_solution_8,1165_F2,Microtransactions (hard version),solution_8,8,GREEDY,90,,,40,,,,,,0,0,,,0,,,,95,,0,0,,,50,0,,,0,0,PARAMETRIC_SEARCH,95,LIKELY_SPECIFIC_ALGORITHM,"전체 구조가 PARAMETRIC_SEARCH이며, 그 내부의 결정 함수가 GREEDY하게 동작함. 단순 GREEDY보다 파라메트릭 서치가 문제 해결의 외곽 구조를 결정함."
1165_F2_solution_10,1165_F2,Microtransactions (hard version),solution_10,10,GREEDY,90,,,60,,,,,,0,0,,,0,,,,95,,0,0,,,40,0,,,0,0,PARAMETRIC_SEARCH,95,LIKELY_SPECIFIC_ALGORITHM,"그리디한 판별 함수를 사용하지만, 전체적인 문제 해결 구조는 정답의 최솟값을 찾는 Parametric Search가 결정함."
1165_F2_solution_5,1165_F2,Microtransactions (hard version),solution_5,5,GREEDY,85,,,80,,,,,,0,0,,,0,,,,95,,0,0,,,0,0,,,0,0,PARAMETRIC_SEARCH,95,LIKELY_SPECIFIC_ALGORITHM,"GREEDY한 체크 함수가 사용되었으나, 문제 전체의 정답을 결정짓는 핵심 구조는 PARAMETRIC_SEARCH(이분 탐색)임."
1165_F2_solution_9,1165_F2,Microtransactions (hard version),solution_9,9,GREEDY,90,,,0,,,,,,0,0,,,0,,,,95,,0,0,,,50,0,,,0,0,PARAMETRIC_SEARCH,95,KEEP_ORIGINAL,"그리디 전략 자체가 결정 함수(can_buy_in)의 핵심 논리이며, 이를 감싸는 구조가 Parametric Search임. 그리디 부분을 더 구체적인 알고리즘으로 대체할 수 없음."
1165_F2_solution_7,1165_F2,Microtransactions (hard version),solution_7,7,GREEDY,90,,,85,,,,,,0,0,,,0,,,,95,,0,0,,,40,0,,,0,0,PARAMETRIC_SEARCH,95,LIKELY_SPECIFIC_ALGORITHM,"그리디 로직은 solve 함수 내의 판정 도구이며, 전체 문제의 풀이 구조와 시간복잡도를 결정하는 핵심은 파라메트릭 서치임"
1165_F2_solution_6,1165_F2,Microtransactions (hard version),solution_6,6,GREEDY,90,,,90,,,,,,0,0,,,0,,,,95,,0,0,,,0,0,,,0,0,PARAMETRIC_SEARCH,95,KEEP_ORIGINAL,그리디 전략이 Parametric Search의 결정 함수(feasibility check)로서 적절하게 사용됨
1165_F2_solution_11,1165_F2,Microtransactions (hard version),solution_11,11,GREEDY,90,,,40,,,,,,0,0,,,0,,,,95,,0,0,,,0,0,,,0,0,PARAMETRIC_SEARCH,95,LIKELY_SPECIFIC_ALGORITHM,"그리디 전략이 사용되었으나, 전체적인 문제 해결 구조는 정답 값에 대한 이분 탐색(Parametric Search)이 결정적인 역할을 함"
1165_F2_solution_12,1165_F2,Microtransactions (hard version),solution_12,12,GREEDY,90,,,80,,,,,,0,0,,,0,,,,95,,0,0,,,20,0,,,0,0,PARAMETRIC_SEARCH,95,LIKELY_SPECIFIC_ALGORITHM,"GREEDY 전략이 사용되었으나, 이는 PARAMETRIC_SEARCH의 결정 함수(check function)로서 동작하며 전체 풀이 구조는 이분 탐색이 결정함."
1165_F2_solution_13,1165_F2,Microtransactions (hard version),solution_13,13,GREEDY,95,,,100,,,,,,0,0,,,0,,,,100,,0,0,,,20,0,,,0,0,BINARY_SEARCH,100,KEEP_ORIGINAL,"그리디 전략이 핵심이지만, 전체 구조는 파라메트릭 서치 내의 검증 함수로 동작함. 그리디 선택 기준(마지막 세일일 우선)이 명확하여 다른 구체적 자료구조(세그먼트 트리 등)가 필요하지 않음."
1165_F2_solution_17,1165_F2,Microtransactions (hard version),solution_17,17,GREEDY,90,,,100,,,,,,0,0,,,0,,,,100,,0,0,,,0,0,,,0,0,BINARY_SEARCH,100,LIKELY_SPECIFIC_ALGORITHM,"그리디한 판정 과정이 포함되어 있으나, 전체적인 문제 풀이 구조는 Parametric Search가 시간복잡도와 정답 도출의 핵심을 결정함"
1165_F2_solution_14,1165_F2,Microtransactions (hard version),solution_14,14,GREEDY,92,,,90,,,,,,10,0,,,0,,,,98,,0,0,,,20,0,,,0,0,PARAMETRIC_SEARCH,98,LIKELY_SPECIFIC_ALGORITHM,"GREEDY는 check 함수 내의 부분적 전략이며, 전체 문제 풀이의 구조와 시간복잡도를 결정하는 핵심은 PARAMETRIC_SEARCH임"
1165_F2_solution_15,1165_F2,Microtransactions (hard version),solution_15,15,GREEDY,90,,,50,,,,,,0,0,,,0,,,,95,,0,0,,,40,0,,,0,0,PARAMETRIC_SEARCH,95,KEEP_ORIGINAL,"그리디 전략(마지막 세일 날짜 선택)이 문제의 최적해를 보장하는 핵심 논리이며, 이를 결정 문제로 풀어내기 위한 Parametric Search와 결합된 형태가 매우 적절함."
1165_F2_solution_18,1165_F2,Microtransactions (hard version),solution_18,18,GREEDY,90,,,95,,,,,,0,0,,,0,,,,95,,0,0,,,30,0,,,0,0,BINARY_SEARCH,95,KEEP_ORIGINAL,"그리디 전략(최대한 늦은 할인일에 구매)이 정답 논리를 결정하며, 이를 포함하는 전체 구조가 Parametric Search이므로 적절함"
1165_F2_solution_16,1165_F2,Microtransactions (hard version),solution_16,16,GREEDY,90,,,95,,,,,,0,0,,,0,,,,95,,0,0,,,40,0,,,0,0,BINARY_SEARCH,95,LIKELY_SPECIFIC_ALGORITHM,"그리디하게 마지막 세일일을 선택하는 로직이 핵심이지만, 전체적인 문제 해결 구조는 PARAMETRIC_SEARCH에 의해 결정됨."
1165_F2_solution_19,1165_F2,Microtransactions (hard version),solution_19,19,GREEDY,90,,,90,,,,,,0,0,,,0,,,,95,,0,0,,,0,0,,,0,0,PARAMETRIC_SEARCH,95,KEEP_ORIGINAL,"마지막 세일 날짜를 선택하여 구매하는 전략은 이 문제의 핵심 그리디 접근법이며, 이를 이분 탐색의 판정 조건으로 사용한 것이 적절함."
1165_F2_solution_20,1165_F2,Microtransactions (hard version),solution_20,20,GREEDY,90,,,85,,,,,,0,0,,,0,,,,95,,0,0,,,65,0,,,0,0,PARAMETRIC_SEARCH,95,KEEP_ORIGINAL,"최적 선택(가장 늦은 세일 날짜 이용)이 전체 최적해를 보장하는 전형적인 그리디 구조이며, 이를 판정 함수로 사용하는 파라메트릭 서치 구조임."
1004_B_solution_2,1004_B,Sonya and Exhibition,solution_2,2,GREEDY,85,,,0,,,,,,0,0,,,0,,,,0,,0,0,,,0,0,,,0,0,SORTING,0,KEEP_ORIGINAL,0과 1을 교대로 배치하는 것이 모든 구간에서 최적의 균형을 맞추는 가장 효율적인 그리디 전략임.
1004_B_solution_2,1004_B,Sonya and Exhibition,solution_2,2,MATH,70,,,0,,0,0,,,0,,0,0,,85,,0,0,,,,0,,,,,,,,GREEDY,85,KEEP_ORIGINAL,합이 일정할 때 곱이 최대가 되려면 두 값이 비슷해야 한다는 기초적인 수학적 성질을 이용함.
1004_B_solution_1,1004_B,Sonya and Exhibition,solution_1,1,MATH,60,,,0,,0,0,,,0,,0,0,,0,,0,0,,,,0,,,,,,,,GCD_LCM,0,KEEP_ORIGINAL,"x(L-x)가 x=L/2에서 최대가 된다는 기본적인 수학적 성질을 이용한 것이나, 특정 세부 수학 알고리즘으로 분류될 수준은 아님."
1004_B_solution_3,1004_B,Sonya and Exhibition,solution_3,3,MATH,85,,,0,,0,0,,,0,,0,0,,40,,0,0,,,,0,,,,,,,,GREEDY,40,KEEP_ORIGINAL,"두 수의 합이 일정할 때 곱이 최대가 되는 조건(두 수의 차이가 최소일 때)이라는 기본 수학적 성질을 이용한 것이며, 더 구체적인 정수론이나 기하학 알고리즘이 쓰이지 않음."
1004_B_solution_6,1004_B,Sonya and Exhibition,solution_6,6,GREEDY,60,,,0,,,,,,0,0,,,0,,,,0,,0,0,,,0,0,,,0,0,SORTING,0,KEEP_ORIGINAL,특정 그리디 선택 과정보다는 전역적인 수학적 패턴 적용에 가깝다.
1004_B_solution_6,1004_B,Sonya and Exhibition,solution_6,6,MATH,85,,,0,,0,0,,,0,,0,0,,60,,0,0,,,,0,,,,,,,,GREEDY,60,KEEP_ORIGINAL,합이 일정할 때 곱이 최대가 되는 조건(두 값의 차이 최소화)이라는 수학적 기초에 근거한 풀이이므로 적절하다.
1004_B_solution_4,1004_B,Sonya and Exhibition,solution_4,4,GREEDY,70,,,0,,,,,,0,0,,,0,,,,0,,0,0,,,0,0,,,0,0,SORTING,0,KEEP_ORIGINAL,단순한 교차 배치 패턴이 모든 구간에 대해 전역 최적해를 보장하므로 다른 복잡한 알고리즘이 필요 없음
1004_B_solution_4,1004_B,Sonya and Exhibition,solution_4,4,MATH,80,,,0,,0,0,,,0,,0,0,,70,,0,0,,,,0,,,,,,,,GREEDY,70,KEEP_ORIGINAL,합이 일정할 때 두 수의 곱은 두 수가 최대한 가까울 때 최대가 된다는 기본 수학적 성질을 이용한 풀이임
1004_B_solution_9,1004_B,Sonya and Exhibition,solution_9,9,GREEDY,60,,,0,,,,,,0,0,,,0,,,,0,,0,0,,,0,0,,,0,0,SORTING,0,KEEP_ORIGINAL,특정 알고리즘적 기법보다는 수학적 최적 성질을 이용한 단순 구성 문제임
1004_B_solution_9,1004_B,Sonya and Exhibition,solution_9,9,MATH,95,,,0,,0,0,,,0,,0,0,,0,,0,0,,,,0,,,,,,,,GCD_LCM,0,KEEP_ORIGINAL,두 수의 합이 일정할 때 곱의 최대화라는 기초 대수학적 성질을 이용한 것이므로 MATH 태그가 적절함
1004_B_solution_7,1004_B,Sonya and Exhibition,solution_7,7,GREEDY,60,,,0,,,,,,0,0,,,0,,,,0,,0,0,,,0,0,,,0,0,SORTING,0,KEEP_ORIGINAL,"단순한 규칙 기반의 배치 문제로, 다른 구체적인 알고리즘 기법이 적용되지 않음"
1004_B_solution_7,1004_B,Sonya and Exhibition,solution_7,7,MATH,85,,,0,,0,0,,,0,,0,0,,0,,0,0,,,,0,,,,,,,,GCD_LCM,0,KEEP_ORIGINAL,함수 f(x) = x(L-x)가 x = L/2일 때 최대가 된다는 기초적인 수학적 관찰이 핵심임
1004_B_solution_8,1004_B,Sonya and Exhibition,solution_8,8,GREEDY,70,,,0,,,,,,0,0,,,0,,,,0,,0,0,,,0,0,,,0,0,SORTING,0,KEEP_ORIGINAL,"특정 구간의 탐색이 아니라 전역적인 패턴 선택이라는 점에서의 그리디적 접근이며, 다른 구체적인 알고리즘으로 대체되지 않음"
1004_B_solution_8,1004_B,Sonya and Exhibition,solution_8,8,MATH,85,,,0,,0,0,,,0,,0,0,,70,,0,0,,,,0,,,,,,,,GREEDY,70,KEEP_ORIGINAL,산술-기하 평균의 원리(또는 이차함수의 최대값)에 기반한 수학적 관찰이 풀이의 핵심이므로 적절함
1004_B_solution_10,1004_B,Sonya and Exhibition,solution_10,10,GREEDY,70,,,0,,,,,,0,0,,,0,,,,0,,0,0,,,0,0,,,0,0,SORTING,0,KEEP_ORIGINAL,"단순한 패턴 생성으로 최적해를 구하는 구성적 그리디 접근이며, 다른 복잡한 자료구조나 알고리즘이 필요하지 않음"
1004_B_solution_10,1004_B,Sonya and Exhibition,solution_10,10,MATH,85,,,0,,0,0,,,0,,0,0,,70,,0,0,,,,0,,,,,,,,GREEDY,70,KEEP_ORIGINAL,x(L-x) 최대화라는 기초적인 수학적 원리를 이용한 것이므로 MATH 태그가 적절함
1004_B_solution_5,1004_B,Sonya and Exhibition,solution_5,5,MATH,100,,,0,,0,0,,,0,,0,0,,0,,0,0,,,,0,,,,,,,,GCD_LCM,0,KEEP_ORIGINAL,"기본적인 산술적 최댓값 성질(합이 일정할 때 곱의 최대화)을 이용한 문제로, 특정 수학 세부 분야보다는 일반적인 수학적 관찰에 해당함"
1004_B_solution_11,1004_B,Sonya and Exhibition,solution_11,11,GREEDY,75,,,0,,,,,,0,0,,,0,,,,0,,0,0,,,0,0,,,0,0,SORTING,0,KEEP_ORIGINAL,"그리디한 관찰(균등 분배)이 핵심이며, 다른 구체적인 자료구조나 알고리즘이 필요하지 않은 단순 패턴 생성 문제임"
1004_B_solution_11,1004_B,Sonya and Exhibition,solution_11,11,MATH,60,,,0,,0,0,,,0,,0,0,,75,,0,0,,,,0,,,,,,,,GREEDY,75,KEEP_ORIGINAL,"합이 일정할 때 곱이 최대가 되는 지점이 중앙이라는 수학적 성질을 이용한 것으로, 구체적인 정수론이나 기하학 태그보다는 일반적인 수학적 관찰에 해당함"
1004_B_solution_12,1004_B,Sonya and Exhibition,solution_12,12,GREEDY,65,,,0,,,,,,0,0,,,0,,,,0,,0,0,,,0,0,,,0,0,SORTING,0,KEEP_ORIGINAL,"단순한 교대 패턴 출력으로, 다른 구체적인 그리디 자료구조나 알고리즘이 쓰이지 않음"
1004_B_solution_12,1004_B,Sonya and Exhibition,solution_12,12,MATH,85,,,0,,0,0,,,0,,0,0,,65,,0,0,,,,0,,,,,,,,GREEDY,65,KEEP_ORIGINAL,두 수의 곱을 최대화하기 위해 차이를 최소화한다는 기본적인 수학적 최적화 원리를 사용함
1004_B_solution_15,1004_B,Sonya and Exhibition,solution_15,15,GREEDY,80,,,0,,,,,,0,0,,,0,,,,0,,0,0,,,0,0,,,0,0,SORTING,0,KEEP_ORIGINAL,단순한 교대 패턴 선택이 전체 최적해를 보장하는 그리디한 구성 방식임
1004_B_solution_15,1004_B,Sonya and Exhibition,solution_15,15,MATH,70,,,0,,0,0,,,0,,0,0,,80,,0,0,,,,0,,,,,,,,GREEDY,80,KEEP_ORIGINAL,곱의 최대화를 위한 산술적 성질을 이용한 것이므로 MATH 태그가 적절함
1004_B_solution_14,1004_B,Sonya and Exhibition,solution_14,14,GREEDY,90,,,0,,,,,,0,0,,,0,,,,0,,0,0,,,0,0,,,0,0,SORTING,0,KEEP_ORIGINAL,"특정 자료구조를 사용하는 것이 아니라, 모든 구간에서 최적성을 보장하는 단순 교차 배치가 그리디한 최적해임을 이용한 풀이입니다."
1004_B_solution_14,1004_B,Sonya and Exhibition,solution_14,14,MATH,80,,,0,,0,0,,,0,,0,0,,90,,0,0,,,,0,,,,,,,,GREEDY,90,KEEP_ORIGINAL,"곱의 최대화라는 산술적 원리가 핵심이므로 MATH 태그가 적절하며, 이를 통한 생성 전략이 GREEDY합니다."
1004_B_solution_13,1004_B,Sonya and Exhibition,solution_13,13,MATH,90,,,0,,0,0,,,0,,0,0,,0,,0,0,,,,0,,,,,,,,GCD_LCM,0,KEEP_ORIGINAL,"기초적인 산술적 최적화(x * (L-x) 최대화)에 기반한 풀이로, 특정 세부 수학 태그보다는 일반적인 MATH/IMPLEMENTATION에 해당함"
1004_B_solution_17,1004_B,Sonya and Exhibition,solution_17,17,MATH,65,,,0,,0,0,,,0,,0,0,,50,,0,0,,,,0,,,,,,,,GREEDY,50,KEEP_ORIGINAL,"x * (L-x)가 x=L/2에서 최대가 된다는 수학적 성질을 이용한 것이며, 이를 위해 교대 배치를 선택한 것이므로 MATH 태그가 적절함."
1004_B_solution_16,1004_B,Sonya and Exhibition,solution_16,16,GREEDY,65,,,0,,,,,,0,0,,,0,,,,0,,0,0,,,0,0,,,0,0,SORTING,0,KEEP_ORIGINAL,"그리디한 선택(모든 구간에서 균형을 맞춤)이 수학적 성질에 의해 정당화되며, 다른 구체적인 알고리즘이 필요하지 않음"
1004_B_solution_16,1004_B,Sonya and Exhibition,solution_16,16,MATH,95,,,0,,0,0,,,0,,0,0,,65,,0,0,,,,0,,,,,,,,GREEDY,65,KEEP_ORIGINAL,기초적인 대수적 성질(합이 일정할 때 곱의 최대화)을 이용한 풀이이므로 MATH 태그가 적절함
1004_B_solution_18,1004_B,Sonya and Exhibition,solution_18,18,GREEDY,95,,,0,,,,,,0,0,,,0,,,,0,,0,0,,,0,0,,,0,0,SORTING,0,KEEP_ORIGINAL,"특정 자료구조를 사용한 최적화보다, 모든 구간을 동시에 최적화하는 구성적 그리디 전략이 핵심임"
1004_B_solution_18,1004_B,Sonya and Exhibition,solution_18,18,MATH,70,,,0,,0,0,,,0,,0,0,,95,,0,0,,,,0,,,,,,,,GREEDY,95,KEEP_ORIGINAL,산술적 최적값(균형 잡힌 곱)에 대한 수학적 관찰이 GREEDY 전략의 근거가 됨
1004_B_solution_19,1004_B,Sonya and Exhibition,solution_19,19,GREEDY,70,,,0,,,,,,0,0,,,0,,,,0,,0,0,,,0,0,,,0,0,SORTING,0,KEEP_ORIGINAL,"단순한 교차 배치 전략이 모든 구간에 대해 최적임을 보장하므로, 다른 복잡한 알고리즘으로 대체될 필요가 없음."
1004_B_solution_19,1004_B,Sonya and Exhibition,solution_19,19,MATH,85,,,0,,0,0,,,0,,0,0,,70,,0,0,,,,0,,,,,,,,GREEDY,70,KEEP_ORIGINAL,특정 정수론이나 기하학 태그보다는 기본적인 산술 평균-기하 평균의 원리를 이용한 구성적 문제임.
1004_B_solution_20,1004_B,Sonya and Exhibition,solution_20,20,MATH,95,,,0,,0,0,,,0,,0,0,,40,,0,0,,,,0,,,,,,,,GREEDY,40,KEEP_ORIGINAL,"기초적인 대수적 성질(곱의 최대화)을 이용한 문제로, 더 구체적인 수학 태그보다는 일반적인 MATH/IMPLEMENTATION 분류가 적절합니다."
165_E_solution_2,165_E,Compatible Numbers,solution_2,2,DP,90,,0,0,95,,,0,0,,0,,,,0,,,,0,,0,,,,,0,0,,,BITMASK,95,LIKELY_SPECIFIC_ALGORITHM,일반적인 DP보다 비트마스크 기반의 SOS DP라는 매우 구체적인 알고리즘이 핵심임.
165_E_solution_2,165_E,Compatible Numbers,solution_2,2,BITMASK,95,0,0,,,0,,0,,100,,,,,,30,,,,,,,0,,,,,,,DP,100,LIKELY_SPECIFIC_ALGORITHM,"단순 비트마스크 상태 표현을 넘어, dp[mask]의 전이 구조가 시간복잡도를 결정하는 핵심이므로 BITMASK_DP가 적절함."
165_E_solution_1,165_E,Compatible Numbers,solution_1,1,DP,95,,0,0,95,,,0,0,,0,,,,0,,,,0,,0,,,,,0,0,,,BITMASK,95,KEEP_ORIGINAL,"전형적인 SOS DP(Subset DP) 구조이며, 비트마스크를 이용한 상태 전이가 핵심임"
165_E_solution_1,165_E,Compatible Numbers,solution_1,1,BITMASK,95,0,0,,,0,,0,,100,,,,,,20,,,,,,,0,,,,,,,DP,100,LIKELY_SPECIFIC_ALGORITHM,"단순 비트마스크 사용을 넘어, 부분집합 간의 값을 전파하는 DP 구조(SOS DP)가 시간복잡도와 풀이의 핵심을 결정함"
165_E_solution_3,165_E,Compatible Numbers,solution_3,3,DP,90,,0,0,95,,,0,0,,0,,,,0,,,,0,,0,,,,,0,0,,,BITMASK,95,LIKELY_SPECIFIC_ALGORITHM,일반적인 DP보다 BITMASK_DP(SOS DP)라는 매우 구체적인 알고리즘이 사용됨
165_E_solution_3,165_E,Compatible Numbers,solution_3,3,BITMASK,95,0,0,,,0,,0,,90,,,,,,0,,,,,,,0,,,,,,,DP,90,LIKELY_SPECIFIC_ALGORITHM,단순 비트마스크 표현을 넘어 dp[mask] 형태의 상태 전이가 풀이의 시간복잡도를 결정함
165_E_solution_5,165_E,Compatible Numbers,solution_5,5,DP,95,,0,0,95,,,0,0,,0,,,,0,,,,0,,0,,,,,0,0,,,BITMASK,95,KEEP_ORIGINAL,"전형적인 SOS DP 구조로, 비트마스크를 상태로 하는 DP가 핵심임"
165_E_solution_5,165_E,Compatible Numbers,solution_5,5,BITMASK,95,0,0,,,20,,0,,100,,,,,,0,,,,,,,0,,,,,,,DP,100,LIKELY_SPECIFIC_ALGORITHM,단순 비트 연산이 아니라 dp[mask] 형태의 전이 구조를 가진 BITMASK_DP가 풀이의 핵심임
165_E_solution_6,165_E,Compatible Numbers,solution_6,6,DP,90,,0,0,95,,,0,0,,0,,,,0,,,,0,,0,,,,,0,0,,,BITMASK,95,LIKELY_SPECIFIC_ALGORITHM,일반적인 DP보다 비트마스크 상태 전이를 이용한 BITMASK_DP(SOS DP)가 훨씬 구체적이고 정확한 분류임
165_E_solution_6,165_E,Compatible Numbers,solution_6,6,BITMASK,95,0,0,,,20,,0,,90,,,,,,20,,,,,,,0,,,,,,,DP,90,LIKELY_SPECIFIC_ALGORITHM,단순 비트 표현을 넘어 dp[mask] 형태의 상태 전이를 통해 최적값을 찾으므로 DP와의 결합이 핵심임
165_E_solution_8,165_E,Compatible Numbers,solution_8,8,DP,95,,0,0,100,,,20,0,,0,,,,0,,,,0,,0,,,,,0,0,,,BITMASK,100,LIKELY_SPECIFIC_ALGORITHM,단순 DP보다 비트마스크 상태 전이를 이용한 BITMASK_DP(SOS DP)가 훨씬 구체적이고 정확한 설명임
165_E_solution_8,165_E,Compatible Numbers,solution_8,8,BITMASK,95,0,0,,,40,,20,,100,,,,,,20,,,,,,,0,,,,,,,DP,100,LIKELY_SPECIFIC_ALGORITHM,"비트마스크는 상태 표현 방식이며, 이를 활용한 DP 전이가 풀이의 핵심 구조임"
165_E_solution_4,165_E,Compatible Numbers,solution_4,4,DP,95,,0,0,100,,,0,0,,0,,,,0,,,,0,,0,,,,,0,0,,,BITMASK,100,LIKELY_SPECIFIC_ALGORITHM,일반적인 DP보다 비트마스크 상태 전이를 이용한 BITMASK_DP(SOS DP)가 훨씬 구체적이고 정확한 분류임
165_E_solution_4,165_E,Compatible Numbers,solution_4,4,BITMASK,100,0,0,,,30,,0,,95,,,,,,0,,,,,,,0,,,,,,,DP,95,LIKELY_SPECIFIC_ALGORITHM,단순 비트 조작이 아니라 DP 전이를 통해 상태를 전파하므로 BITMASK_DP로 보는 것이 타당함
165_E_solution_7,165_E,Compatible Numbers,solution_7,7,DP,90,,0,0,85,,,0,0,,0,,,,0,,,,0,,0,,,,,0,0,,,BITMASK,85,LIKELY_SPECIFIC_ALGORITHM,일반적인 DP보다 비트마스크 상태 전이를 이용한 BITMASK_DP(SOS DP)가 훨씬 더 구체적이고 정확한 분류임
165_E_solution_7,165_E,Compatible Numbers,solution_7,7,BITMASK,85,0,0,,,0,,0,,90,,,,,,0,,,,,,,0,,,,,,,DP,90,LIKELY_SPECIFIC_ALGORITHM,"단순 비트마스크 상태 관리가 아니라, 마스크 격자(lattice) 상에서의 DP 전이가 풀이의 핵심이므로 BITMASK_DP로 분류하는 것이 적절함"
165_E_solution_9,165_E,Compatible Numbers,solution_9,9,DP,80,,0,0,100,,,85,0,,0,,,,0,,,,0,,0,,,,,0,0,,,BITMASK,100,LIKELY_SPECIFIC_ALGORITHM,일반적인 DP보다 비트마스크 상태 전이를 이용하는 SOS DP 형태가 훨씬 구체적이고 정확한 분석임.
165_E_solution_9,165_E,Compatible Numbers,solution_9,9,BITMASK,100,0,0,,,0,,85,,95,,,,,,0,,,,,,,0,,,,,,,DP,95,LIKELY_SPECIFIC_ALGORITHM,단순 비트 연산이 아니라 마스크 공간에서의 DP 전파(SOS DP)가 풀이의 핵심임.
165_E_solution_10,165_E,Compatible Numbers,solution_10,10,DP,95,,0,0,100,,,0,0,,0,,,,0,,,,0,,0,,,,,0,0,,,BITMASK,100,LIKELY_SPECIFIC_ALGORITHM,일반적인 DP보다 비트마스크의 부분집합 구조를 이용한 BITMASK_DP(SOS DP)가 훨씬 구체적이고 정확한 분류임
165_E_solution_10,165_E,Compatible Numbers,solution_10,10,BITMASK,95,0,0,,,40,,0,,100,,,,,,20,,,,,,,0,,,,,,,DP,100,LIKELY_SPECIFIC_ALGORITHM,"단순 비트마스크 상태 표현을 넘어, 마스크 간의 전이를 이용한 DP 구조가 전체 시간복잡도와 풀이 논리를 결정함"
165_E_solution_11,165_E,Compatible Numbers,solution_11,11,DP,95,,0,0,100,,,0,0,,0,,,,0,,,,0,,0,,,,,0,0,,,BITMASK,100,LIKELY_SPECIFIC_ALGORITHM,일반적인 DP보다 더 구체적인 BITMASK_DP(특히 SOS DP)가 문제 해결의 핵심임.
165_E_solution_11,165_E,Compatible Numbers,solution_11,11,BITMASK,100,0,0,,,50,,0,,100,,,,,,30,,,,,,,0,,,,,,,DP,100,LIKELY_SPECIFIC_ALGORITHM,"단순 비트마스크 상태 관리가 아니라, 마스크 간의 전이를 이용한 DP 구조가 핵심임."
165_E_solution_14,165_E,Compatible Numbers,solution_14,14,DP,95,,0,0,95,,,30,0,,0,,,,0,,,,0,,0,,,,,0,0,,,BITMASK,95,LIKELY_SPECIFIC_ALGORITHM,일반적인 DP보다 비트마스크 상태 전이를 이용한 BITMASK_DP(SOS DP)가 훨씬 구체적이고 정확한 분류임
165_E_solution_14,165_E,Compatible Numbers,solution_14,14,BITMASK,95,0,0,,,20,,30,,95,,,,,,30,,,,,,,0,,,,,,,DP,95,LIKELY_SPECIFIC_ALGORITHM,"비트마스크는 상태 표현 방식이며, 실제 풀이의 핵심 구조는 dp[mask] 전이를 통한 부분집합 탐색(DP)임"
165_E_solution_15,165_E,Compatible Numbers,solution_15,15,DP,90,,0,0,95,,,0,0,,0,,,,0,,,,0,,0,,,,,0,0,,,BITMASK,95,LIKELY_SPECIFIC_ALGORITHM,일반적인 DP보다 비트마스크 상태 전이를 이용한 SOS DP라는 매우 구체적인 알고리즘이 핵심임
165_E_solution_15,165_E,Compatible Numbers,solution_15,15,BITMASK,95,0,0,,,20,,0,,100,,,,,,40,,,,,,,0,,,,,,,DP,100,LIKELY_SPECIFIC_ALGORITHM,단순 비트마스크 표현이 아니라 dp[mask] 형태의 상태 전이가 풀이의 핵심 구조를 결정함
165_E_solution_17,165_E,Compatible Numbers,solution_17,17,DP,85,,0,0,90,,,40,0,,0,,,,0,,,,0,,0,,,,,0,0,,,BITMASK,90,LIKELY_SPECIFIC_ALGORITHM,일반적인 DP보다 비트마스크 상태 전이가 핵심인 BITMASK_DP로 보는 것이 훨씬 구체적이고 정확함
165_E_solution_17,165_E,Compatible Numbers,solution_17,17,BITMASK,90,0,0,,,30,,40,,95,,,,,,0,,,,,,,0,,,,,,,DP,95,LIKELY_SPECIFIC_ALGORITHM,단순한 비트 표현을 넘어 dp[mask] 형태의 상태 전이를 통해 최적의 부분집합을 찾는 구조이므로 BITMASK_DP가 핵심임
165_E_solution_18,165_E,Compatible Numbers,solution_18,18,DP,95,,0,0,100,,,0,0,,0,,,,0,,,,0,,0,,,,,0,0,,,BITMASK,100,LIKELY_SPECIFIC_ALGORITHM,단순 DP보다 더 구체적인 BITMASK_DP(SOS DP)가 풀이의 핵심 구조임.
165_E_solution_18,165_E,Compatible Numbers,solution_18,18,BITMASK,100,0,0,,,20,,0,,95,,,,,,0,,,,,,,0,,,,,,,DP,95,LIKELY_SPECIFIC_ALGORITHM,"비트마스크는 상태 표현 방식이며, 실제 시간복잡도를 결정하는 핵심 논리는 DP 전이 구조에 있음."
165_E_solution_19,165_E,Compatible Numbers,solution_19,19,DP,85,,0,0,90,,,0,0,,0,,,,0,,,,0,,0,,,,,0,0,,,BITMASK,90,KEEP_ORIGINAL,"전형적인 Bitmask 기반의 SOS DP 풀이로, DP 상태 전이가 핵심임."
165_E_solution_19,165_E,Compatible Numbers,solution_19,19,BITMASK,90,0,0,,,0,,0,,95,,,,,,0,,,,,,,0,,,,,,,DP,95,LIKELY_SPECIFIC_ALGORITHM,"단순 비트마스크 상태 표현을 넘어, SOS DP라는 구체적인 알고리즘 구조가 시간복잡도를 결정함."
1538_F_solution_3,1538_F,Interesting Function,solution_3,3,MATH,95,,,0,,0,0,,,0,,0,0,,0,,0,0,,,,0,,,,,,,,GCD_LCM,0,KEEP_ORIGINAL,특정 세부 수학 알고리즘보다 십진법의 성질을 이용한 일반적인 수학적 접근이 핵심임
1538_F_solution_1,1538_F,Interesting Function,solution_1,1,MATH,95,,,0,,0,0,,,0,,0,0,,0,,0,0,,,,0,,,,,,,,GCD_LCM,0,KEEP_ORIGINAL,"특정 세부 수학 알고리즘(정수론, 조합론 등)보다는 일반적인 자릿수 분석 및 수식 적용 문제임"
165_E_solution_12,165_E,Compatible Numbers,solution_12,12,DP,90,,0,0,100,,,0,0,,0,,,,0,,,,0,,0,,,,,0,0,,,BITMASK,100,LIKELY_SPECIFIC_ALGORITHM,단순 DP라기보다 비트마스크 부분집합 전파(SOS DP)가 핵심이므로 BITMASK_DP가 더 구체적인 분류임
165_E_solution_12,165_E,Compatible Numbers,solution_12,12,BITMASK,95,0,0,,,20,,0,,100,,,,,,30,,,,,,,0,,,,,,,DP,100,LIKELY_SPECIFIC_ALGORITHM,"비트마스크를 사용한 단순 전수조사가 아니라, DP를 통해 부분집합 정보를 효율적으로 전파하여 복잡도를 낮췄으므로 BITMASK_DP가 적절함"
1538_F_solution_2,1538_F,Interesting Function,solution_2,2,MATH,95,,,0,,0,0,,,0,,0,0,,0,,0,0,,,,0,,,,,,,,GCD_LCM,0,KEEP_ORIGINAL,특정 세부 수학 알고리즘보다 진법 체계의 일반적인 수학적 성질을 이용한 풀이임.
1538_F_solution_4,1538_F,Interesting Function,solution_4,4,MATH,100,,,0,,0,0,,,0,,0,0,,0,,0,0,,,,0,,,,,,,,GCD_LCM,0,KEEP_ORIGINAL,10진수 자릿수 변화라는 기초적인 진법 수학 성질을 이용한 최적의 풀이임
1538_F_solution_5,1538_F,Interesting Function,solution_5,5,MATH,95,,,0,,0,0,,,0,,0,0,,0,,0,0,,,,0,,,,,,,,GCD_LCM,0,KEEP_ORIGINAL,10진수 체계의 자릿수 변경 특성을 이용한 수학적 풀이가 명확함
1538_F_solution_6,1538_F,Interesting Function,solution_6,6,MATH,100,,,0,,0,0,,,0,,0,0,,0,,0,0,,,,0,,,,,,,,GCD_LCM,0,KEEP_ORIGINAL,자릿수 합산이라는 명확한 수학적 원리를 이용하므로 MATH 태그가 가장 적절함
1538_F_solution_7,1538_F,Interesting Function,solution_7,7,MATH,95,,,0,,0,0,,,0,,0,0,,0,,0,0,,,,0,,,,,,,,GCD_LCM,0,KEEP_ORIGINAL,자릿수 기반의 수학적 성질을 이용한 정답 도출이 핵심이므로 MATH 태그가 가장 적절함
1538_F_solution_8,1538_F,Interesting Function,solution_8,8,MATH,100,,,0,,0,0,,,0,,0,0,,0,,0,0,,,,0,,,,,,,,GCD_LCM,0,KEEP_ORIGINAL,특수한 정수론적 알고리즘보다 10진법의 기본 성질을 이용한 산술 계산이 핵심임
1538_F_solution_9,1538_F,Interesting Function,solution_9,9,MATH,95,,,0,,0,0,,,0,,0,0,,0,,0,0,,,,0,,,,,,,,GCD_LCM,0,KEEP_ORIGINAL,특정한 세부 수학 알고리즘보다는 수의 자릿수 체계라는 일반적인 수론적 관찰에 기반한 풀이임
1538_F_solution_10,1538_F,Interesting Function,solution_10,10,MATH,100,,,0,,0,0,,,0,,0,0,,0,,0,0,,,,0,,,,,,,,GCD_LCM,0,KEEP_ORIGINAL,"자릿수 기반의 단순 수학 공식이며, 제시된 다른 구체적 수학 태그들보다 일반적인 수론/수학적 관찰이 핵심임."
1538_F_solution_11,1538_F,Interesting Function,solution_11,11,MATH,100,,,0,,0,0,,,0,,0,0,,0,,0,0,,,,0,,,,,,,,GCD_LCM,0,KEEP_ORIGINAL,"The solution relies on a base-10 numerical property, which fits perfectly under MATH and NUMBER_THEORY."
1538_F_solution_13,1538_F,Interesting Function,solution_13,13,MATH,95,,,0,,0,0,,,0,,0,0,,0,,0,0,,,,0,,,,,,,,GCD_LCM,0,KEEP_ORIGINAL,"특정 세부 수학 알고리즘(정수론, 조합론 등)보다는 진법의 성질을 이용한 기초 수학적 관찰이 핵심임"
1538_F_solution_12,1538_F,Interesting Function,solution_12,12,MATH,100,,,0,,0,0,,,0,,0,0,,0,,0,0,,,,0,,,,,,,,GCD_LCM,0,KEEP_ORIGINAL,"진법 체계의 성질을 이용한 전형적인 수학 문제이며, 더 구체적인 특정 수학 알고리즘(예: 조합론, 기하학)으로 좁히기보다 일반적인 MATH/NUMBER_THEORY 분류가 적절함."
1538_F_solution_14,1538_F,Interesting Function,solution_14,14,MATH,100,,,0,,0,0,,,0,,0,0,,0,,0,0,,,,0,,,,,,,,GCD_LCM,0,KEEP_ORIGINAL,특정 세부 수학 태그보다 진법 기반의 일반적인 수학적 성질 관찰이 핵심임
1538_F_solution_16,1538_F,Interesting Function,solution_16,16,MATH,95,,,0,,0,0,,,0,,0,0,,0,,0,0,,,,0,,,,,,,,GCD_LCM,0,KEEP_ORIGINAL,구체적인 정수론 기법보다는 자릿수 체계의 기본 성질을 이용한 일반적인 MATH 문제임
1538_F_solution_15,1538_F,Interesting Function,solution_15,15,DP,95,,0,0,0,,,0,0,,0,,,,0,,,,30,,0,,,,,0,0,,,PREFIX_SUM,30,KEEP_ORIGINAL,단순 누적합이 아니라 자릿수 체계에 기반한 Digit DP 전형적인 형태임
1538_F_solution_15,1538_F,Interesting Function,solution_15,15,MATH,85,,,0,,0,70,,,95,,0,0,,0,,0,0,,,,0,,,,,,,,DP,95,LIKELY_SPECIFIC_ALGORITHM,"수학적 성질(10진법)을 이용하지만, 구현 방식이 DP 전처리와 자릿수 재귀 합산이라는 구체적인 DIGIT_DP 알고리즘을 따르고 있음"
1538_F_solution_17,1538_F,Interesting Function,solution_17,17,MATH,100,,,0,,0,0,,,0,,0,0,,0,,0,0,,,,0,,,,,,,,GCD_LCM,0,KEEP_ORIGINAL,"기본적인 수 체계(Base-10)의 성질을 이용한 수학적 풀이로, 더 구체적인 수학 알고리즘 후보 중 적합한 것이 없음"
1538_F_solution_20,1538_F,Interesting Function,solution_20,20,MATH,100,,,0,,0,0,,,0,,0,0,,0,,0,0,,,,20,,,,,,,,SIEVE,20,KEEP_ORIGINAL,자릿수 변화라는 십진법의 수학적 성질을 이용한 풀이로 MATH 태그가 가장 적절함
1538_F_solution_18,1538_F,Interesting Function,solution_18,18,MATH,95,,,0,,0,0,,,0,,0,0,,0,,0,0,,,,0,,,,,,,,GCD_LCM,0,KEEP_ORIGINAL,"자릿수 합산이라는 명확한 수학적 원리를 사용하고 있으며, 제시된 다른 세부 수학 태그보다 일반적인 Number Theory/Math 범주에 속함"
1538_F_solution_19,1538_F,Interesting Function,solution_19,19,MATH,95,,,0,,20,0,,,0,,0,0,,0,,0,0,,,,0,,,,,,,,BRUTE_FORCE,20,KEEP_ORIGINAL,10진법 체계의 자릿수 변경이라는 수학적 성질을 정확히 이용하고 있음
962_B_solution_2,962_B,Students in Railway Carriage,solution_2,2,GREEDY,95,,,0,,,,,,10,0,,,0,,,,0,,0,0,,,0,0,,,0,0,DP,10,KEEP_ORIGINAL,"단순한 조건부 배치를 통한 그리디 풀이이며, 다른 구체적인 알고리즘(세그먼트 트리, 이분 탐색 등)이 개입할 여지가 없는 구조임."
962_B_solution_5,962_B,Students in Railway Carriage,solution_5,5,GREEDY,95,,,0,,,,,,0,0,,,0,,,,0,,0,0,,,20,0,,,0,0,SORTING,20,KEEP_ORIGINAL,"단순히 더 많은 인원을 가진 그룹을 선택하는 그리디 전략이 핵심이며, 이를 위해 더 복잡한 자료구조나 알고리즘이 필요하지 않음."
962_B_solution_3,962_B,Students in Railway Carriage,solution_3,3,GREEDY,95,,,0,,,,,,0,0,,,0,,,,0,,0,0,,,0,0,,,0,0,SORTING,0,KEEP_ORIGINAL,"단순한 조건부 배치 전략을 사용하는 전형적인 그리디 문제이며, 다른 구체적인 알고리즘이 개입될 여지가 없음."
962_B_solution_6,962_B,Students in Railway Carriage,solution_6,6,GREEDY,95,,,0,,,,,,0,0,,,0,,,,0,,0,0,,,0,0,,,0,0,SORTING,0,KEEP_ORIGINAL,"전형적인 그리디 문제로, 매 단계에서 최적의 선택을 하는 구조가 명확하며 다른 특수 자료구조나 알고리즘이 필요하지 않음."
962_B_solution_8,962_B,Students in Railway Carriage,solution_8,8,GREEDY,95,,,0,,,,,,10,0,,,0,,,,0,,0,0,,,0,0,,,0,0,DP,10,KEEP_ORIGINAL,"단순 교차 배치와 수량 기반 우선순위 결정이라는 그리디 전략이 문제의 최적해를 보장하며, 더 복잡한 자료구조나 알고리즘이 필요하지 않음."
962_B_solution_9,962_B,Students in Railway Carriage,solution_9,9,GREEDY,95,,,0,,,,,,10,0,,,0,,,,0,,0,0,,,0,0,,,0,0,DP,10,KEEP_ORIGINAL,"단순 교대 배치 및 남은 인원수 비교 기반의 그리디 전략이며, 다른 구체적인 알고리즘을 적용할 필요가 없는 구조임."
962_B_solution_10,962_B,Students in Railway Carriage,solution_10,10,GREEDY,95,,,0,,,,,,0,0,,,0,,,,0,,0,0,,,0,0,,,0,0,SORTING,0,KEEP_ORIGINAL,"특정 자료구조나 복잡한 탐색 없이, 홀수 구간의 처리 방식 자체가 그리디한 최적 선택임"
962_B_solution_11,962_B,Students in Railway Carriage,solution_11,11,GREEDY,95,,,0,,,,,,0,0,,,0,,,,0,,0,0,,,0,0,,,0,0,SORTING,0,KEEP_ORIGINAL,"단순히 더 많은 학생을 우선 배치하는 전략이 이 문제의 최적해를 보장하며, 다른 복잡한 알고리즘이 필요하지 않은 구조임."
962_B_solution_12,962_B,Students in Railway Carriage,solution_12,12,GREEDY,95,,,0,,,,,,0,0,,,0,,,,0,,0,0,,,0,0,,,0,0,SORTING,0,KEEP_ORIGINAL,"단순한 구간 길이 계산을 통한 그리디 배치 전략으로, 다른 구체적인 자료구조나 알고리즘이 필요하지 않음"
962_B_solution_12,962_B,Students in Railway Carriage,solution_12,12,MATH,70,,,0,,0,0,,,0,,0,0,,95,,0,0,,,,0,,,,,,,,GREEDY,95,KEEP_ORIGINAL,"수학적 계산이 포함되어 있으나, 이는 그리디 전략을 구현하기 위한 기초 산술 연산에 해당함"
962_B_solution_13,962_B,Students in Railway Carriage,solution_13,13,GREEDY,95,,,0,,,,,,0,0,,,0,,,,0,,0,0,,,0,0,,,0,0,SORTING,0,KEEP_ORIGINAL,"단순한 조건문 기반의 그리디 선택이며, 다른 구체적인 자료구조나 알고리즘이 필요하지 않은 문제임"
962_B_solution_15,962_B,Students in Railway Carriage,solution_15,15,GREEDY,95,,,0,,,,,,0,0,,,0,,,,0,,0,0,,,0,0,,,0,0,SORTING,0,KEEP_ORIGINAL,"남은 인원수가 많은 그룹을 홀수 길이 구간의 추가 슬롯에 우선 배치하는 그리디 전략이 문제의 최적해를 보장하며, 다른 구체적 알고리즘으로 대체될 여지가 없음."
962_B_solution_16,962_B,Students in Railway Carriage,solution_16,16,GREEDY,95,,,0,,,,,,0,0,,,0,,,,0,,0,0,,,0,0,,,0,0,SORTING,0,KEEP_ORIGINAL,특별한 자료구조 없이 max/min을 이용한 단순 그리디 선택만으로 해결됨
962_B_solution_14,962_B,Students in Railway Carriage,solution_14,14,GREEDY,95,,,0,,,,,,10,0,,,0,,,,0,,0,0,,,0,0,,,0,0,DP,10,KEEP_ORIGINAL,특별한 자료구조나 복잡한 탐색 없이 구간 길이에 따른 단순 배분 로직이므로 GREEDY가 적절함
962_B_solution_14,962_B,Students in Railway Carriage,solution_14,14,MATH,65,,,0,,0,0,,,0,,0,0,,95,,0,0,,,,0,,,,,,,,GREEDY,95,LIKELY_SPECIFIC_ALGORITHM,"단순한 정수 나눗셈/나머지 연산을 사용하지만, 전체적인 풀이 구조는 그리디 전략에 기반함"
962_B_solution_17,962_B,Students in Railway Carriage,solution_17,17,GREEDY,95,,,0,,,,,,0,0,,,0,,,,0,,0,0,,,30,0,,,0,0,SORTING,30,KEEP_ORIGINAL,"정렬을 사용하긴 했으나, 정렬 기준 자체가 풀이의 핵심이 아니라 매 순간 더 많은 인원을 가진 그룹을 선택하는 그리디 로직이 핵심임"
962_B_solution_18,962_B,Students in Railway Carriage,solution_18,18,GREEDY,95,,,0,,,,,,0,0,,,0,,,,0,,0,0,,,0,0,,,0,0,SORTING,0,KEEP_ORIGINAL,"단순한 비교 연산(a <= b)을 통한 그리디 선택이며, 특수 자료구조나 다른 알고리즘의 개입 없이 최적해를 보장하는 단순 그리디 문제임"
962_B_solution_20,962_B,Students in Railway Carriage,solution_20,20,GREEDY,95,,,0,,,,,,0,0,,,0,,,,0,,0,0,,,0,0,,,0,0,SORTING,0,KEEP_ORIGINAL,각 빈 좌석 구간에서 더 많은 인원을 우선 배치하는 전략이 전체 최적해를 보장하는 전형적인 그리디 문제임
1369_C_solution_1,1369_C,RationalLee,solution_1,1,GREEDY,95,,,0,,,,,,0,0,,,0,,,,0,,0,0,,,90,0,,,70,0,SORTING,90,KEEP_ORIGINAL,"정렬과 투포인터가 사용되었으나, 이는 그리디 전략(가장 큰 값과 가장 작은 값을 어떻게 매칭할 것인가)을 구현하기 위한 수단이며, 문제의 핵심은 그리디 선택에 있음"
1369_C_solution_2,1369_C,RationalLee,solution_2,2,GREEDY,100,,,0,,,,,,0,0,,,0,,,,0,,0,0,,,90,0,,,30,0,SORTING,90,KEEP_ORIGINAL,"정렬 후 양 끝단을 사용하는 전형적인 그리디 전략이며, 다른 특수 자료구조나 알고리즘으로 대체될 여지가 없는 명확한 그리디 문제임"
1369_C_solution_3,1369_C,RationalLee,solution_3,3,GREEDY,95,,,0,,,,,,0,0,,,0,,,,0,,0,0,,,85,0,,,70,0,SORTING,85,KEEP_ORIGINAL,"정렬과 투포인터가 사용되었으나, 이는 그리디 전략을 구현하기 위한 전처리와 탐색 도구일 뿐이며 핵심 논리는 그리디 선택에 있음"
1369_C_solution_4,1369_C,RationalLee,solution_4,4,GREEDY,95,,,0,,,,,,0,0,,,0,,,,0,,0,0,,,85,0,,,60,0,SORTING,85,KEEP_ORIGINAL,"정렬과 투포인터가 사용되었으나, 이는 그리디 선택(가장 큰 값과 가장 작은 값의 조합)을 구현하기 위한 수단이며, 전체적인 풀이 구조는 그리디 알고리즘에 의존함"
1369_C_solution_5,1369_C,RationalLee,solution_5,5,GREEDY,100,,,0,,,,,,0,0,,,0,,,,0,,0,0,,,90,0,,,65,0,SORTING,90,KEEP_ORIGINAL,"정렬과 투포인터는 그리디 전략을 구현하기 위한 도구이며, 전체적인 풀이의 핵심 논리는 최적의 선택을 반복하는 GREEDY에 있음"
1369_C_solution_6,1369_C,RationalLee,solution_6,6,GREEDY,100,,,0,,,,,,0,0,,,0,,,,0,,0,0,,,95,0,,,40,0,SORTING,95,KEEP_ORIGINAL,"정렬이 핵심 도구로 사용되었으나, 전체적인 풀이의 논리 구조는 그리디 전략에 기반하고 있음"
1369_C_solution_7,1369_C,RationalLee,solution_7,7,GREEDY,95,,,0,,,,,,0,0,,,0,,,,0,,0,0,,,85,0,,,40,0,SORTING,85,KEEP_ORIGINAL,"정렬을 사용하지만, 정렬 그 자체보다 정렬된 상태에서 어떤 값을 선택하느냐는 그리디 전략이 핵심임"
1369_C_solution_8,1369_C,RationalLee,solution_8,8,GREEDY,95,,,0,,,,,,0,0,,,0,,,,0,,0,0,,,85,0,,,50,0,SORTING,85,KEEP_ORIGINAL,"정렬과 투 포인터적 접근이 사용되었으나, 이는 그리디 전략을 수행하기 위한 구현 방법임. 핵심 논리가 그리디 선택에 있으므로 기존 분류 유지함"
1369_C_solution_9,1369_C,RationalLee,solution_9,9,GREEDY,95,,,0,,,,,,0,0,,,0,,,,0,,0,0,,,85,0,,,0,0,SORTING,85,KEEP_ORIGINAL,"정렬(SORTING)이 사용되었으나 이는 그리디 선택을 위한 준비 과정이며, 풀이의 핵심 결정 논리는 그리디 전략에 있음"
1369_C_solution_12,1369_C,RationalLee,solution_12,12,GREEDY,95,,,0,,,,,,0,0,,,0,,,,0,,0,0,,,90,0,,,70,0,SORTING,90,KEEP_ORIGINAL,"정렬과 투포인터는 그리디 전략을 구현하기 위한 수단이며, 전체적인 풀이의 핵심 논리는 매 순간 최적의 선택을 하는 그리디 방식이 맞음"
1369_C_solution_10,1369_C,RationalLee,solution_10,10,GREEDY,100,,,0,,,,,,0,0,,,0,,,,0,,0,0,,,90,0,,,70,0,SORTING,90,KEEP_ORIGINAL,"정렬과 투포인터가 사용되었으나, 이는 그리디 전략을 구현하기 위한 수단이며 전체적인 풀이 구조는 그리디 알고리즘에 기반함"
1369_C_solution_14,1369_C,RationalLee,solution_14,14,GREEDY,100,,,0,,,,,,0,0,,,0,,,,0,,0,0,,,95,0,,,50,0,SORTING,95,KEEP_ORIGINAL,"정렬 기반의 그리디 전략이 매우 명확하며, 정렬은 그리디 선택을 가능하게 하는 전처리 단계임"
1369_C_solution_11,1369_C,RationalLee,solution_11,11,GREEDY,95,,,0,,,,,,0,0,,,0,,,,0,,0,0,,,85,0,,,30,0,SORTING,85,KEEP_ORIGINAL,"정렬이 그리디 전략을 수행하기 위한 필수 전처리 단계이며, 전체적인 풀이 논리는 최적의 선택을 반복하는 그리디 알고리즘이 지배적임."
1369_C_solution_15,1369_C,RationalLee,solution_15,15,GREEDY,95,,,0,,,,,,0,0,,,0,,,,0,,0,0,,,90,0,,,30,0,SORTING,90,KEEP_ORIGINAL,"정렬을 이용한 전형적인 그리디 문제이며, 특정 자료구조나 다른 알고리즘으로 대체될 여지가 없는 최적의 전략임"
1369_C_solution_16,1369_C,RationalLee,solution_16,16,GREEDY,95,,,0,,,,,,0,0,,,0,,,,0,,0,0,,,90,0,,,40,0,SORTING,90,KEEP_ORIGINAL,"정렬이 사용되었으나, 핵심은 '가장 큰 값'과 '가장 작은 값'을 어떤 친구에게 배정할 것인가에 대한 그리디 전략에 있음."
1369_C_solution_17,1369_C,RationalLee,solution_17,17,GREEDY,95,,,0,,,,,,0,0,,,0,,,,0,,0,0,,,85,0,,,30,0,SORTING,85,KEEP_ORIGINAL,정렬을 기반으로 한 그리디 선택(큰 값 배분 후 작은 값으로 채우기)이 풀이의 핵심 논리이므로 적절함.
1369_C_solution_18,1369_C,RationalLee,solution_18,18,GREEDY,95,,,0,,,,,,0,0,,,0,,,,0,,0,0,,,85,0,,,65,0,SORTING,85,KEEP_ORIGINAL,"정렬을 통한 그리디 전략이 문제의 최적해를 보장하며, 다른 구체적인 알고리즘으로 대체될 성격의 문제가 아님."
1369_C_solution_19,1369_C,RationalLee,solution_19,19,GREEDY,95,,,0,,,,,,0,0,,,0,,,,0,,0,0,,,90,0,,,75,0,SORTING,90,KEEP_ORIGINAL,"정렬과 투포인터 구조가 사용되었으나, 이는 그리디 전략을 구현하기 위한 수단이며, 어떤 원소를 누구에게 배분할 것인가에 대한 그리디 결정이 문제 해결의 핵심입니다."
1369_C_solution_20,1369_C,RationalLee,solution_20,20,GREEDY,95,,,0,,,,,,0,0,,,0,,,,0,,0,0,,,85,0,,,40,0,SORTING,85,KEEP_ORIGINAL,"정렬을 기반으로 한 그리디 전략이 문제의 최적해를 보장하는 명확한 구조이며, 다른 후보 알고리즘이 핵심 논리를 대체할 수 없음."
1369_C_solution_13,1369_C,RationalLee,solution_13,13,GREEDY,100,,,0,,,,,,0,0,,,0,,,,0,,0,0,,,90,0,,,75,0,SORTING,90,KEEP_ORIGINAL,"정렬 기반의 그리디 전략이 문제 해결의 핵심이며, 투 포인터는 이를 구현하기 위한 최적의 방법이다."
838_B_solution_18,838_B,Diverging Directions,solution_18,18,DP,80,,0,0,0,,,60,0,,0,,,,0,,,,0,,95,,,,,0,90,,,SEGMENT_TREE,95,LIKELY_SPECIFIC_ALGORITHM,일반적인 DP보다는 TREE_DP와 HLD(TREE) 구조가 문제의 정답 논리와 시간복잡도를 결정함.
702_B_solution_2,702_B,Powers of Two,solution_2,2,MATH,85,,,0,,70,0,,,0,,0,0,,0,,0,0,,,,0,,,,,,,,BRUTE_FORCE,70,KEEP_ORIGINAL,"2의 거듭제곱 성질을 이용한 단순 산술 계산이며, 더 구체적인 수학 알고리즘(정수론 등)이 쓰이지 않음"
838_B_solution_20,838_B,Diverging Directions,solution_20,20,DP,60,,0,0,0,,,80,0,,0,,,,0,,,,0,,100,,,,,0,95,,,SEGMENT_TREE,100,REVIEW_NEEDED,"The `dfsk` function implements a tree-based DP to find the shortest path to the root, but the overall structure relies more on Segment Tree and HLD."
702_B_solution_1,702_B,Powers of Two,solution_1,1,MATH,70,,,0,,60,0,,,0,,0,0,,0,,0,0,,,,0,,,,,,,,BRUTE_FORCE,60,KEEP_ORIGINAL,"2의 거듭제곱 성질을 이용하는 수학적 기초가 있으나, 핵심 해결책은 맵을 이용한 탐색임"
702_B_solution_3,702_B,Powers of Two,solution_3,3,MATH,80,,,0,,30,0,,,0,,0,0,,0,,0,0,,,,0,,,,,,,,BRUTE_FORCE,30,KEEP_ORIGINAL,"2의 거듭제곱 성질을 이용한 단순한 수학적 접근이며, 더 구체적인 특정 수학 알고리즘(정수론 등)이 핵심인 경우는 아님."
702_B_solution_7,702_B,Powers of Two,solution_7,7,MATH,70,,,0,,60,0,,,0,,0,0,,0,,0,0,,,,0,,,,,,,,BRUTE_FORCE,60,KEEP_ORIGINAL,2의 거듭제곱이라는 수학적 성질을 이용해 가능한 후보군을 31개로 한정 짓고 이를 전수 조사하는 방식이므로 적절함
702_B_solution_5,702_B,Powers of Two,solution_5,5,MATH,80,,,0,,40,0,,,0,,0,0,,0,,0,0,,,,0,,,,,,,,BRUTE_FORCE,40,KEEP_ORIGINAL,2의 거듭제곱 성질을 이용한 단순 산술 계산이므로 MATH 태그가 적절함.
702_B_solution_9,702_B,Powers of Two,solution_9,9,MATH,80,,,0,,40,0,,,0,,0,0,,0,,0,0,,,,0,,,,,,,,BRUTE_FORCE,40,KEEP_ORIGINAL,"2의 거듭제곱이라는 수학적 성질을 이용하지만, 실제 문제 해결의 핵심은 해시 맵을 통한 효율적인 쌍 찾기임"
702_B_solution_8,702_B,Powers of Two,solution_8,8,MATH,75,,,0,,30,0,,,0,,0,0,,0,,0,0,,,,0,,,,,,,,BRUTE_FORCE,30,KEEP_ORIGINAL,"2의 거듭제곱 성질을 이용한 단순 계산이며, 더 구체적인 수학 알고리즘(정수론 등)이 핵심인 것은 아님."
702_B_solution_10,702_B,Powers of Two,solution_10,10,MATH,80,,,0,,30,0,,,0,,0,0,,0,,0,0,,,,0,,,,,,,,BRUTE_FORCE,30,LIKELY_SPECIFIC_ALGORITHM,"MATH 태그가 적용되지만, 실제 구현의 핵심은 수학 공식보다 HASH_MAP을 이용한 값 찾기에 있음."
702_B_solution_11,702_B,Powers of Two,solution_11,11,MATH,70,,,0,,30,0,,,0,,0,0,,0,,0,0,,,,0,,,,,,,,BRUTE_FORCE,30,KEEP_ORIGINAL,특수한 정수론적 기법보다는 2의 거듭제곱이라는 성질을 이용한 단순 연산 중심임
702_B_solution_6,702_B,Powers of Two,solution_6,6,MATH,80,,,0,,60,0,,,0,,0,0,,0,,0,0,,,,0,,,,,,,,BRUTE_FORCE,60,KEEP_ORIGINAL,"2의 거듭제곱이라는 수학적 성질을 이용하지만, 실제 구현의 핵심은 해시 맵을 통한 효율적인 탐색에 있음"
702_B_solution_13,702_B,Powers of Two,solution_13,13,MATH,85,,,0,,0,0,,,0,,0,0,,0,,0,0,,,,0,,,,,,,,GCD_LCM,0,KEEP_ORIGINAL,"2의 거듭제곱이라는 단순 수학적 성질을 이용한 것으로, 더 구체적인 수학 알고리즘(정수론, 조합론 등)이 적용되지 않음."
702_B_solution_12,702_B,Powers of Two,solution_12,12,MATH,70,,,0,,20,0,,,0,,0,0,,0,,0,0,,,,0,,,,,,,,BRUTE_FORCE,20,KEEP_ORIGINAL,"2의 거듭제곱이라는 수학적 성질이 사용되었으나, 문제 해결의 핵심 메커니즘은 해시 맵을 통한 쌍 찾기임"
702_B_solution_16,702_B,Powers of Two,solution_16,16,MATH,75,,,0,,40,0,,,0,,0,0,,0,,0,0,,,,0,,,,,,,,BRUTE_FORCE,40,KEEP_ORIGINAL,"2의 거듭제곱 성질을 이용하는 수학적 기초가 있으나, 구체적인 정수론 알고리즘보다는 HashMap을 이용한 탐색 구조가 풀이의 핵심임."
702_B_solution_15,702_B,Powers of Two,solution_15,15,MATH,70,,,0,,50,0,,,0,,0,0,,0,,0,0,,,,0,,,,,,,,BRUTE_FORCE,50,KEEP_ORIGINAL,"2의 거듭제곱이라는 수학적 성질을 이용한 것이 맞으며, 이를 처리하는 효율적인 방법으로 해시 맵이 사용됨."
702_B_solution_18,702_B,Powers of Two,solution_18,18,MATH,80,,,0,,40,0,,,0,,0,0,,0,,0,0,,,,0,,,,,,,,BRUTE_FORCE,40,KEEP_ORIGINAL,단순 덧셈/뺄셈 및 2의 거듭제곱 계산만 사용되었으므로 구체적인 수학 알고리즘으로 대체할 필요가 없음
702_B_solution_17,702_B,Powers of Two,solution_17,17,MATH,70,,,0,,60,0,,,0,,0,0,,0,,0,0,,,,0,,,,,,,,BRUTE_FORCE,60,KEEP_ORIGINAL,"2의 거듭제곱이라는 수학적 성질이 문제의 배경이나, 실제 구현의 핵심은 맵을 이용한 보수 찾기임"
702_B_solution_19,702_B,Powers of Two,solution_19,19,MATH,80,,,0,,60,0,,,0,,0,0,,0,,0,0,,,,0,,,,,,,,BRUTE_FORCE,60,KEEP_ORIGINAL,"2의 거듭제곱이라는 수학적 성질을 이용한 단순 보수 탐색이며, 더 구체적인 수학 알고리즘(정수론 등)이 쓰이지 않음"
702_B_solution_14,702_B,Powers of Two,solution_14,14,MATH,65,,,0,,40,0,,,0,,0,0,,0,,0,0,,,,0,,,,,,,,BRUTE_FORCE,40,KEEP_ORIGINAL,"단순히 2의 거듭제곱 값을 생성하여 보수를 찾는 과정이므로, 더 구체적인 수학 알고리즘으로 대체될 필요가 없음."
702_B_solution_20,702_B,Powers of Two,solution_20,20,MATH,75,,,0,,40,0,,,0,,0,0,,0,,0,0,,,,0,,,,,,,,BRUTE_FORCE,40,KEEP_ORIGINAL,"단순한 2의 거듭제곱 합 성질을 이용한 것이며, 더 구체적인 수학 알고리즘이 적용되지 않음"
1373_D_solution_1,1373_D,Maximum Sum on Even Positions,solution_1,1,GREEDY,70,,,0,,,,,,95,0,,,0,,,,0,,0,0,,,0,0,,,0,0,DP,95,KEEP_ORIGINAL,Kadane 알고리즘은 그리디하게 보일 수 있으나 본질적으로 이전 상태의 최적값을 이용하는 1차원 DP임
1373_D_solution_1,1373_D,Maximum Sum on Even Positions,solution_1,1,DP,95,,0,0,0,,,0,0,,0,,,,70,,,,50,,0,,,,,0,0,,,GREEDY,70,KEEP_ORIGINAL,"최대 부분합 문제는 DP의 대표적인 사례이며, 구현된 Kadane 알고리즘이 이에 정확히 부합함"
1373_D_solution_2,1373_D,Maximum Sum on Even Positions,solution_2,2,DP,95,,0,0,0,,,0,0,,0,,,,30,,,,20,,0,,,,,0,0,,,GREEDY,30,KEEP_ORIGINAL,명확한 상태 정의와 점화식이 존재하며 이전 상태의 최적값을 이용해 현재 상태를 결정하므로 DP가 가장 적절함
1373_D_solution_3,1373_D,Maximum Sum on Even Positions,solution_3,3,GREEDY,70,,,0,,,,,,95,0,,,0,,,,0,,0,0,,,0,0,,,0,0,DP,95,LIKELY_SPECIFIC_ALGORITHM,"단순 그리디 선택이 아니라, 이전 상태의 최적값을 누적하여 현재의 최적값을 결정하는 Kadane's DP 구조가 핵심임."
1373_D_solution_3,1373_D,Maximum Sum on Even Positions,solution_3,3,DP,95,,0,0,0,,,0,0,,0,,,,70,,,,40,,0,,,,,0,0,,,GREEDY,70,KEEP_ORIGINAL,"전형적인 1차원 DP(Kadane) 문제이며 점화식(max_ending_here = max(a[i], max_ending_here + a[i]))이 명확함."
1373_D_solution_4,1373_D,Maximum Sum on Even Positions,solution_4,4,GREEDY,70,,,0,,,,,,95,0,,,0,,,,0,,0,0,,,0,0,,,0,0,DP,95,LIKELY_SPECIFIC_ALGORITHM,"GREEDY하게 보일 수 있으나, 실제 구조는 이전 상태의 최적값을 이용하는 Kadane's DP 알고리즘의 정석적인 구현임"
1373_D_solution_4,1373_D,Maximum Sum on Even Positions,solution_4,4,DP,95,,0,0,0,,,0,0,,0,,,,70,,,,20,,0,,,,,0,0,,,GREEDY,70,KEEP_ORIGINAL,전형적인 1차원 DP(최대 부분 합) 구조이므로 유지함
1373_D_solution_5,1373_D,Maximum Sum on Even Positions,solution_5,5,GREEDY,60,,,0,,,,,,95,0,,,0,,,,0,,0,0,,,0,0,,,0,0,DP,95,LIKELY_SPECIFIC_ALGORITHM,"GREEDY적인 성격이 있으나, 실제 구현은 1차원 DP인 카데인 알고리즘에 완전히 의존함"
1373_D_solution_5,1373_D,Maximum Sum on Even Positions,solution_5,5,DP,95,,0,0,0,,,0,0,,0,,,,60,,,,40,,0,,,,,0,0,,,GREEDY,60,KEEP_ORIGINAL,"전형적인 1차원 DP(Kadane) 문제이며, 다른 후보들이 핵심 구조를 대체할 수 없음"
1373_D_solution_6,1373_D,Maximum Sum on Even Positions,solution_6,6,DP,95,,0,0,0,,,0,0,,0,,,,40,,,,60,,0,,,,,0,0,,,PREFIX_SUM,60,KEEP_ORIGINAL,"전형적인 1차원 DP(Kadane) 풀이로, 다른 후보보다 DP_1D가 가장 적절함"
1373_D_solution_8,1373_D,Maximum Sum on Even Positions,solution_8,8,GREEDY,60,,,0,,,,,,95,0,,,0,,,,0,,0,0,,,0,0,,,0,0,DP,95,LIKELY_SPECIFIC_ALGORITHM,"그리디한 최적 구간 선택 문제로 보이지만, 실제 해결 도구는 Kadane's DP이며 이것이 시간 복잡도를 결정함."
1373_D_solution_8,1373_D,Maximum Sum on Even Positions,solution_8,8,DP,95,,0,0,0,,,0,0,,0,,,,60,,,,30,,0,,,,,0,0,,,GREEDY,60,KEEP_ORIGINAL,"Kadane's 알고리즘은 1차원 DP의 표준적인 형태이며, 다른 후보보다 훨씬 구체적이고 핵심적인 풀이 구조임."
1373_D_solution_10,1373_D,Maximum Sum on Even Positions,solution_10,10,DP,95,,0,0,0,,,0,0,,0,,,,50,,,,40,,0,,,,,0,0,,,GREEDY,50,KEEP_ORIGINAL,단순 누적합이 아니라 부분합의 최댓값을 갱신하는 DP 구조가 명확하므로 DP 유지가 적절하다.
1373_D_solution_11,1373_D,Maximum Sum on Even Positions,solution_11,11,GREEDY,60,,,0,,,,,,95,0,,,0,,,,0,,0,0,,,0,0,,,0,0,DP,95,LIKELY_SPECIFIC_ALGORITHM,"그리디하게 보일 수 있으나, 실제로는 이전 상태의 최적합을 누적하는 카다네 알고리즘(DP)이 핵심임."
1373_D_solution_11,1373_D,Maximum Sum on Even Positions,solution_11,11,DP,95,,0,0,0,,,0,0,,0,,,,60,,,,40,,0,,,,,0,0,,,GREEDY,60,KEEP_ORIGINAL,"명확한 점화식(dp[i] = max(a[i], dp[i-1] + a[i])) 기반의 카다네 알고리즘이므로 DP 분류가 적절함."
1373_D_solution_12,1373_D,Maximum Sum on Even Positions,solution_12,12,GREEDY,60,,,0,,,,,,95,0,,,0,,,,0,,0,0,,,0,0,,,0,0,DP,95,LIKELY_SPECIFIC_ALGORITHM,"GREEDY 성격이 있는 카다네 알고리즘이지만, 구조적으로는 이전 상태의 최적값을 이용하는 DP_1D의 전형적인 사례임"
1373_D_solution_12,1373_D,Maximum Sum on Even Positions,solution_12,12,DP,95,,0,0,0,,,0,0,,0,,,,60,,,,40,,0,,,,,0,0,,,GREEDY,60,KEEP_ORIGINAL,명확한 상태 정의(현재 위치까지의 최대합)와 점화식이 존재하는 카다네 알고리즘이므로 DP 분류가 가장 적절함
1373_D_solution_9,1373_D,Maximum Sum on Even Positions,solution_9,9,DP,95,,0,0,0,,,0,0,,0,,,,40,,,,70,,0,,,,,0,0,,,PREFIX_SUM,70,KEEP_ORIGINAL,"PREFIX_SUM을 사용하여 구현되었으나, 본질적인 문제는 최대 부분 합을 찾는 DP(Kadane's) 문제임."
1373_D_solution_14,1373_D,Maximum Sum on Even Positions,solution_14,14,GREEDY,60,,,0,,,,,,95,0,,,0,,,,0,,0,0,,,0,0,,,0,0,DP,95,LIKELY_SPECIFIC_ALGORITHM,"그리디한 성격이 있는 Kadane's algorithm이지만, 실제 구현은 DP 점화식을 기반으로 함"
1373_D_solution_14,1373_D,Maximum Sum on Even Positions,solution_14,14,DP,95,,0,0,0,,,0,0,,0,,,,60,,,,30,,0,,,,,0,0,,,GREEDY,60,KEEP_ORIGINAL,"명확한 점화식(max_curr = max(current, prev + current))을 사용하는 표준적인 DP 문제임"
1373_D_solution_15,1373_D,Maximum Sum on Even Positions,solution_15,15,DP,95,,0,0,0,,,0,0,,0,,,,30,,,,40,,0,,,,,0,0,,,PREFIX_SUM,40,KEEP_ORIGINAL,카다네 알고리즘은 이전 상태의 최적값을 누적하여 현재의 최적값을 결정하는 전형적인 DP 구조임
1373_D_solution_13,1373_D,Maximum Sum on Even Positions,solution_13,13,GREEDY,70,,,0,,,,,,95,0,,,0,,,,0,,0,0,,,0,0,,,0,0,DP,95,LIKELY_SPECIFIC_ALGORITHM,"GREEDY하게 보일 수 있는 Kadane's Algorithm은 사실상 DP[i] = max(arr[i], DP[i-1] + arr[i])의 공간 최적화 버전이므로 DP로 분류하는 것이 더 정확함."
1373_D_solution_13,1373_D,Maximum Sum on Even Positions,solution_13,13,DP,95,,0,0,0,,,0,0,,0,,,,70,,,,30,,0,,,,,0,0,,,GREEDY,70,KEEP_ORIGINAL,"Kadane's Algorithm은 전형적인 1차원 DP 구조를 가지며, Greedy한 특성을 공유하지만 상태 전이 식(Recurrence Relation)이 명확하므로 DP 유지가 적절함."
1373_D_solution_16,1373_D,Maximum Sum on Even Positions,solution_16,16,GREEDY,70,,,0,,,,,,95,0,,,0,,,,0,,0,0,,,0,0,,,0,0,DP,95,LIKELY_SPECIFIC_ALGORITHM,"Kadane's 알고리즘은 그리디한 성격이 있으나, 본질적으로 이전 상태의 최적값을 이용하는 1차원 DP임."
1373_D_solution_16,1373_D,Maximum Sum on Even Positions,solution_16,16,DP,95,,0,0,0,,,0,0,,0,,,,70,,,,70,,0,,,,,0,0,,,PREFIX_SUM,70,KEEP_ORIGINAL,전형적인 최대 부분 배열 합 DP 문제임.
1373_D_solution_17,1373_D,Maximum Sum on Even Positions,solution_17,17,DP,95,,0,0,0,,,0,0,,0,,,,40,,,,40,,0,,,,,0,0,,,PREFIX_SUM,40,KEEP_ORIGINAL,"명확한 상태 전이(dp[i] = max(0, dp[i-1] + diff))가 존재하며, 이는 전형적인 DP 문제입니다."
1373_D_solution_18,1373_D,Maximum Sum on Even Positions,solution_18,18,GREEDY,70,,,0,,,,,,95,0,,,0,,,,0,,0,0,,,0,0,,,0,0,DP,95,LIKELY_SPECIFIC_ALGORITHM,"카다네 알고리즘은 탐욕적 선택의 성격이 있으나, 본질적으로는 이전 상태의 최적값을 이용하는 1D DP 구조이므로 DP로 분류하는 것이 더 정확함"
1373_D_solution_18,1373_D,Maximum Sum on Even Positions,solution_18,18,DP,95,,0,0,0,,,0,0,,0,,,,70,,,,0,,0,,,,,0,0,,,GREEDY,70,KEEP_ORIGINAL,전형적인 1D DP(Maximum Subarray Sum) 구조이며 다른 후보 알고리즘이 핵심 논리를 대체하지 않음
1373_D_solution_19,1373_D,Maximum Sum on Even Positions,solution_19,19,GREEDY,60,,,0,,,,,,95,0,,,0,,,,0,,0,0,,,0,0,,,0,0,DP,95,LIKELY_SPECIFIC_ALGORITHM,"그리디한 선택 과정이 포함되어 있으나, 실제 구현은 카다네 알고리즘이라는 구체적인 DP 기법을 통해 최적 구간을 찾고 있음."
1373_D_solution_19,1373_D,Maximum Sum on Even Positions,solution_19,19,DP,95,,0,0,0,,,0,0,,0,,,,60,,,,70,,0,,,,,0,0,,,PREFIX_SUM,70,KEEP_ORIGINAL,"누적합(Prefix Sum) 개념이 사용되었으나, 이를 이용해 구간 최댓값을 갱신하는 전형적인 1차원 DP(카다네) 구조이므로 DP로 유지함."
845_B_solution_1,845_B,Luba And The Ticket,solution_1,1,GREEDY,95,,,0,,,,,,0,0,,,0,,,,0,,0,0,,,75,0,,,0,0,SORTING,75,KEEP_ORIGINAL,"정렬을 사용한 그리디 접근법이 매우 명확하며, 문제 규모가 작아 이 방법이 최적의 선택임"
845_B_solution_3,845_B,Luba And The Ticket,solution_3,3,GREEDY,95,,,0,,,,,,0,0,,,0,,,,0,,0,0,,,70,0,,,0,0,SORTING,70,KEEP_ORIGINAL,"정렬이 사용되지만, 이는 최적의 숫자를 고르기 위한 전처리일 뿐 풀이의 핵심 논리는 그리디 선택임"
1373_D_solution_20,1373_D,Maximum Sum on Even Positions,solution_20,20,GREEDY,70,,,0,,,,,,95,0,,,0,,,,0,,0,0,,,0,0,,,0,0,DP,95,LIKELY_SPECIFIC_ALGORITHM,"GREEDY 성격이 있으나, 실제 구현은 이전 상태의 최적해를 이용하는 Kadane's DP 구조임."
1373_D_solution_20,1373_D,Maximum Sum on Even Positions,solution_20,20,DP,95,,0,0,0,,,0,0,,0,,,,70,,,,40,,0,,,,,0,0,,,GREEDY,70,KEEP_ORIGINAL,"전형적인 Max Subarray Sum DP 문제로, DP 분류가 가장 적절함."
845_B_solution_6,845_B,Luba And The Ticket,solution_6,6,GREEDY,95,,,0,,,,,,0,0,,,0,,,,0,,10,0,,,90,0,,,0,0,SORTING,90,KEEP_ORIGINAL,"정렬을 사용한 그리디 풀이임이 명확하며, SORTING은 그리디 선택을 위한 수단으로 사용되었으므로 GREEDY를 유지함."
845_B_solution_7,845_B,Luba And The Ticket,solution_7,7,GREEDY,95,,,0,,,,,,0,0,,,0,,,,0,,0,0,,,70,0,,,0,0,SORTING,70,KEEP_ORIGINAL,"정렬을 사용했지만, 이는 그리디하게 최대 이득을 선택하기 위한 표준적인 전처리 과정이며, 문제의 핵심 논리는 그리디 선택에 있음"
845_B_solution_8,845_B,Luba And The Ticket,solution_8,8,GREEDY,95,,,0,,,,,,0,0,,,0,,,,0,,0,0,,,70,0,,,0,0,SORTING,70,KEEP_ORIGINAL,"단순 정렬 후 최대값 선택 구조이며, 이는 GREEDY의 전형적인 구현 방식임"
845_B_solution_12,845_B,Luba And The Ticket,solution_12,12,GREEDY,85,,,0,,,,,,0,0,,,0,,,,0,,0,0,,,30,0,,,0,0,SORTING,30,KEEP_ORIGINAL,"최소 변경 횟수를 찾기 위해 1개, 2개 순으로 영향력이 큰 변경부터 확인하는 전형적인 그리디/구현 접근 방식입니다."
845_B_solution_14,845_B,Luba And The Ticket,solution_14,14,GREEDY,90,,,0,,,,,,0,0,,,0,,,,0,,0,0,,,10,0,,,0,0,SORTING,10,KEEP_ORIGINAL,"단순한 3개 원소의 min/max를 이용한 그리디 선택이며, 다른 구체적인 알고리즘이 개입되지 않음"
845_B_solution_15,845_B,Luba And The Ticket,solution_15,15,GREEDY,95,,,0,,,,,,0,0,,,0,,,,0,,0,0,,,75,0,,,0,0,SORTING,75,KEEP_ORIGINAL,"정렬이 사용되었으나 이는 그리디 선택을 위한 전처리 과정이며, 전체적인 풀이의 핵심 논리는 최적의 선택을 반복하는 그리디 알고리즘이다."
845_B_solution_16,845_B,Luba And The Ticket,solution_16,16,GREEDY,95,,,0,,,,,,0,0,,,0,,,,0,,0,0,,,60,0,,,0,0,SORTING,60,KEEP_ORIGINAL,"정렬을 사용하지만 이는 그리디 선택을 위한 전처리일 뿐이며, 핵심 논리는 매 순간 최대 이득을 취하는 그리디 전략임"
845_B_solution_19,845_B,Luba And The Ticket,solution_19,19,GREEDY,95,,,0,,,,,,0,0,,,0,,,,0,,0,0,,,85,0,,,0,0,SORTING,85,KEEP_ORIGINAL,"정렬을 통해 최적의 선택지를 고르는 그리디 접근법이 명확하며, 정렬 자체보다는 '가장 큰 이득부터 선택한다'는 그리디 전략이 핵심임"
845_B_solution_18,845_B,Luba And The Ticket,solution_18,18,GREEDY,95,,,0,,,,,,0,0,,,0,,,,0,,0,0,,,40,0,,,0,0,SORTING,40,KEEP_ORIGINAL,"매 순간 최선의 변화량을 선택하는 그리디 논리가 명확하며, 다른 특정 알고리즘의 핵심 구조가 보이지 않음."
845_B_solution_20,845_B,Luba And The Ticket,solution_20,20,GREEDY,95,,,0,,,,,,0,0,,,0,,,,0,,0,0,,,80,0,,,0,0,SORTING,80,KEEP_ORIGINAL,"정렬이 사용되었으나, 이는 그리디한 선택을 하기 위한 전처리에 불과하며 문제의 핵심 논리는 매 순간 최선의 이득을 선택하는 그리디 알고리즘에 있음"
1084_C_solution_1,1084_C,The Fair Nut and String,solution_1,1,DP,95,,0,0,0,,,0,0,,0,,,,0,,,,30,,0,,,,,0,0,,,PREFIX_SUM,30,KEEP_ORIGINAL,단순 누적합보다는 이전 상태(OK)를 이용한 전이 구조가 핵심이므로 DP가 적절함
1084_C_solution_1,1084_C,The Fair Nut and String,solution_1,1,MATH,70,,,0,,0,85,,,95,,0,0,,0,,80,0,,,,0,,,,,,,,DP,95,REVIEW_NEEDED,"조합론적 원리(곱의 법칙)가 핵심이므로 MATH/COMBINATORICS 점수가 높으나, 구현 방식이 DP 상태 전이 형태임"
1084_C_solution_2,1084_C,The Fair Nut and String,solution_2,2,DP,95,,0,0,0,,,0,0,,0,,,,30,,,,40,,0,,,,,0,0,,,PREFIX_SUM,40,KEEP_ORIGINAL,단순 누적합이 아니라 'b'라는 조건에 따른 상태 전이가 존재하므로 DP가 적절함.
1084_C_solution_2,1084_C,The Fair Nut and String,solution_2,2,MATH,60,,,0,,0,70,,,95,,0,0,,0,,60,0,,,,0,,,,,,,,DP,95,KEEP_ORIGINAL,"조합론적 카운팅 문제이나, 풀이의 핵심 구조는 DP 점화식에 있음."
1084_C_solution_4,1084_C,The Fair Nut and String,solution_4,4,DP,95,,0,0,0,,,0,0,,0,,,,0,,,,20,,0,,,,,0,0,,,PREFIX_SUM,20,KEEP_ORIGINAL,"단순 누적합이 아니라 이전 상태(B)가 현재 상태(A, ans)에 영향을 주는 전형적인 DP 구조임"
1084_C_solution_4,1084_C,The Fair Nut and String,solution_4,4,MATH,60,,,0,,0,70,,,95,,0,0,,0,,80,0,,,,0,,,,,,,,DP,95,LIKELY_SPECIFIC_ALGORITHM,"조합론적 성격이 강하지만, 구현 방식은 상태 전이를 이용한 DP가 핵심임"
1084_C_solution_5,1084_C,The Fair Nut and String,solution_5,5,MATH,90,,,0,,0,100,,,0,,0,0,,0,,80,0,,,,0,,,,,,,,COMBINATORICS,100,LIKELY_SPECIFIC_ALGORITHM,MATH라는 넓은 태그보다 COMBINATORICS(조합론)라는 구체적인 알고리즘이 핵심 논리를 더 정확하게 설명함.
1084_C_solution_3,1084_C,The Fair Nut and String,solution_3,3,MATH,80,,,0,,0,100,,,40,,0,0,,0,,90,0,,,,0,,,,,,,,COMBINATORICS,100,LIKELY_SPECIFIC_ALGORITHM,넓은 의미의 MATH보다 구체적인 COMBINATORICS와 MODULAR_ARITHMETIC가 풀이의 핵심임
1084_C_solution_8,1084_C,The Fair Nut and String,solution_8,8,MATH,80,,,0,,0,95,,,20,,0,0,,0,,70,0,,,,0,,,,,,,,COMBINATORICS,95,LIKELY_SPECIFIC_ALGORITHM,MATH라는 넓은 태그보다 COMBINATORICS라는 구체적인 알고리즘이 정답 논리를 정확히 설명함.
1084_C_solution_6,1084_C,The Fair Nut and String,solution_6,6,DP,95,,0,0,0,,,0,0,,0,,,,0,,,,40,,0,,,,,0,0,,,PREFIX_SUM,40,KEEP_ORIGINAL,단순 누적합이 아니라 이전 그룹의 결과가 다음 그룹의 선택지에 영향을 주는 점화식 구조가 명확함
1084_C_solution_6,1084_C,The Fair Nut and String,solution_6,6,MATH,70,,,0,,0,85,,,95,,0,0,,0,,80,0,,,,0,,,,,,,,DP,95,KEEP_ORIGINAL,조합론적 계산이 핵심이지만 이를 DP 형태로 효율적으로 구현했으므로 DP가 더 적절한 primary algorithm임
1084_C_solution_10,1084_C,The Fair Nut and String,solution_10,10,MATH,90,,,0,,0,95,,,40,,0,0,,0,,70,0,,,,0,,,,,,,,COMBINATORICS,95,LIKELY_SPECIFIC_ALGORITHM,넓은 의미의 MATH보다 구체적인 COMBINATORICS(조합론)가 문제의 핵심 논리를 정확히 설명함
1084_C_solution_9,1084_C,The Fair Nut and String,solution_9,9,MATH,70,,,0,,0,95,,,30,,0,0,,0,,80,0,,,,0,,,,,,,,COMBINATORICS,95,LIKELY_SPECIFIC_ALGORITHM,MATH라는 넓은 태그보다 조합론(COMBINATORICS)과 모듈러 연산(MODULAR_ARITHMETIC)이라는 구체적인 기법이 핵심임
1084_C_solution_7,1084_C,The Fair Nut and String,solution_7,7,DP,90,,0,0,0,,,0,0,,0,,,,0,,,,20,,0,,,,,0,0,,,PREFIX_SUM,20,KEEP_ORIGINAL,단순 누적합보다는 상태 전이가 포함된 DP 구조가 명확함
1084_C_solution_7,1084_C,The Fair Nut and String,solution_7,7,MATH,70,,,0,,0,85,,,90,,0,0,,0,,40,0,,,,0,,,,,,,,DP,90,KEEP_ORIGINAL,조합론적 성질을 DP로 구현한 것이므로 적절함
1084_C_solution_11,1084_C,The Fair Nut and String,solution_11,11,MATH,85,,,0,,0,95,,,40,,0,0,,0,,70,0,,,,0,,,,,,,,COMBINATORICS,95,LIKELY_SPECIFIC_ALGORITHM,단순 MATH보다 구체적인 COMBINATORICS(조합론)의 곱의 법칙이 풀이의 핵심임
1084_C_solution_12,1084_C,The Fair Nut and String,solution_12,12,DP,95,,0,0,0,,,0,0,,0,,,,0,,,,30,,0,,,,,0,0,,,PREFIX_SUM,30,KEEP_ORIGINAL,"명확한 상태 전이식(res = res + 1 + ant)이 존재하며, 이전 부분 문제의 결과가 다음 상태에 영향을 주는 전형적인 1차원 DP 구조임"
1084_C_solution_12,1084_C,The Fair Nut and String,solution_12,12,MATH,70,,,0,,0,85,,,95,,0,0,,0,,85,0,,,,0,,,,,,,,DP,95,REVIEW_NEEDED,"문제의 본질은 조합론(Combinatorics)이지만, 구현 방식이 DP로 되어 있어 두 태그 모두 매우 중요함. 구현 관점에서는 DP가 핵심 구조를 결정함"
1084_C_solution_13,1084_C,The Fair Nut and String,solution_13,13,DP,95,,0,0,0,,,0,0,,0,,,,0,,,,30,,0,,,,,0,0,,,PREFIX_SUM,30,KEEP_ORIGINAL,단순 누적합이 아니라 'b'라는 구분자를 통해 상태(cnt)를 전이시키며 계산하는 명확한 DP 구조임
1084_C_solution_13,1084_C,The Fair Nut and String,solution_13,13,MATH,80,,,0,,0,90,,,95,,0,0,,0,,60,0,,,,0,,,,,,,,DP,95,LIKELY_SPECIFIC_ALGORITHM,넓은 범위의 MATH보다는 조합론(COMBINATORICS)과 이를 구현한 DP가 핵심임
1084_C_solution_15,1084_C,The Fair Nut and String,solution_15,15,MATH,85,,,0,,0,100,,,40,,0,0,,0,,90,0,,,,0,,,,,,,,COMBINATORICS,100,LIKELY_SPECIFIC_ALGORITHM,MATH라는 넓은 태그보다 COMBINATORICS와 MODULAR_ARITHMETIC라는 구체적인 수학 기법이 풀이의 핵심을 정확히 설명합니다.
1084_C_solution_16,1084_C,The Fair Nut and String,solution_16,16,MATH,90,,,0,,0,100,,,40,,0,0,,0,,85,0,,,,0,,,,,,,,COMBINATORICS,100,KEEP_ORIGINAL,조합론적 카운팅과 모듈러 연산이 핵심이므로 MATH/COMBINATORICS 분류가 매우 적절함
1084_C_solution_18,1084_C,The Fair Nut and String,solution_18,18,MATH,80,,,0,,0,95,,,30,,0,0,,0,,60,0,,,,0,,,,,,,,COMBINATORICS,95,LIKELY_SPECIFIC_ALGORITHM,단순 MATH보다 구체적인 COMBINATORICS(조합론적 카운팅)가 풀이의 핵심 논리를 완전히 결정함
1084_C_solution_19,1084_C,The Fair Nut and String,solution_19,19,MATH,90,,,0,,0,100,,,20,,0,0,,0,,85,0,,,,0,,,,,,,,COMBINATORICS,100,LIKELY_SPECIFIC_ALGORITHM,넓은 의미의 MATH보다 조합론의 곱의 법칙(COMBINATORICS)이 훨씬 구체적이고 정확한 분석임
1084_C_solution_17,1084_C,The Fair Nut and String,solution_17,17,MATH,90,,,0,,0,100,,,20,,0,0,,0,,60,0,,,,0,,,,,,,,COMBINATORICS,100,LIKELY_SPECIFIC_ALGORITHM,MATH라는 넓은 태그보다 COMBINATORICS(조합론)라는 구체적인 알고리즘이 풀이의 핵심을 정확히 설명함
1084_C_solution_20,1084_C,The Fair Nut and String,solution_20,20,DP,90,,0,0,0,,,0,0,,0,,,,0,,,,60,,0,,,,,0,0,,,PREFIX_SUM,60,KEEP_ORIGINAL,단순 누적합보다는 상태 전이를 통한 조합 수 계산이 핵심이므로 DP가 적절함
1084_C_solution_20,1084_C,The Fair Nut and String,solution_20,20,MATH,80,,,0,,0,85,,,90,,0,0,,0,,70,0,,,,0,,,,,,,,DP,90,LIKELY_SPECIFIC_ALGORITHM,"수학적 조합론(Combinatorics)이 문제의 본질이며, 이를 구현하기 위해 DP가 사용됨"
1084_C_solution_14,1084_C,The Fair Nut and String,solution_14,14,MATH,85,,,0,,0,95,,,40,,0,0,,0,,90,0,,,,0,,,,,,,,COMBINATORICS,95,LIKELY_SPECIFIC_ALGORITHM,단순 MATH보다는 COMBINATORICS(조합론)와 MODULAR_ARITHMETIC(모듈러 연산)이 훨씬 구체적이고 핵심적인 알고리즘임.
336_C_solution_1,336_C,Vasily the Bear and Sequence,solution_1,1,GREEDY,60,,,0,,,,,,0,0,,,0,,,,0,,0,0,,,0,0,,,0,0,SORTING,0,KEEP_ORIGINAL,최대 v를 찾기 위해 모든 비트를 확인하므로 특정 그리디 전략보다는 전수 조사에 가까움
336_C_solution_1,336_C,Vasily the Bear and Sequence,solution_1,1,MATH,65,,,0,,85,0,,,0,,0,0,,60,,0,0,,,,0,,,,,,,,BRUTE_FORCE,85,KEEP_ORIGINAL,"2^v 나눗셈 성질은 비트 연산으로 완전히 대체 가능하며, 핵심 로직은 비트 탐색임"
336_C_solution_6,336_C,Vasily the Bear and Sequence,solution_6,6,GREEDY,70,,,0,,,,,,0,0,,,0,,,,0,,0,0,,,0,0,,,0,0,SORTING,0,KEEP_ORIGINAL,"그리디하게 모든 후보를 선택하는 방식이 사용되었으나, 이는 비트 자릿수 전수 조사 과정의 일부이며 다른 특수 알고리즘으로 대체되지 않음."
336_C_solution_6,336_C,Vasily the Bear and Sequence,solution_6,6,BITMASK,95,0,0,,,90,,0,,0,,,,,,40,,,,,,,20,,,,,,,BRUTE_FORCE,90,LIKELY_SPECIFIC_ALGORITHM,"BITMASK는 상태 표현 방식이자 핵심 연산이며, 이를 0~31까지 Brute Force로 확인하는 구조임."
336_C_solution_5,336_C,Vasily the Bear and Sequence,solution_5,5,GREEDY,90,,,0,,,,,,0,0,,,0,,,,0,,0,0,,,0,0,,,0,0,SORTING,0,KEEP_ORIGINAL,최대값을 찾기 위해 비트 위치를 상위부터 하향식으로 결정하는 전략이 문제의 정답 논리를 결정함.
336_C_solution_5,336_C,Vasily the Bear and Sequence,solution_5,5,BITMASK,60,0,0,,,40,,0,,0,,,,,,40,,,,,,,20,,,,,,,BRUTE_FORCE,40,KEEP_ORIGINAL,"단순한 비트 상태 표현이 아니라, 특정 비트의 설정 여부를 필터링하는 비트 조작(Bit Manipulation)이 핵심임."
336_C_solution_2,336_C,Vasily the Bear and Sequence,solution_2,2,GREEDY,85,,,0,,,,,,0,0,,,0,,,,0,,0,0,,,0,0,,,0,0,SORTING,0,KEEP_ORIGINAL,"최고위 비트부터 탐색하여 처음 조건을 만족하는 순간 종료하는 구조가 전형적인 그리디 전략이며, 이를 대체할 더 구체적인 알고리즘이 없음."
336_C_solution_2,336_C,Vasily the Bear and Sequence,solution_2,2,BITMASK,90,0,0,,,20,,0,,0,,,,,,50,,,,,,,0,,,,,,,MATH,50,KEEP_ORIGINAL,"BITMASK/BIT_MANIPULATION 자체가 문제의 핵심이며, 이를 통해 상태를 관리하거나 탐색하는 다른 알고리즘과의 결합보다는 비트 성질 자체가 정답을 결정함."
336_C_solution_3,336_C,Vasily the Bear and Sequence,solution_3,3,GREEDY,95,,,0,,,,,,0,0,,,0,,,,0,,0,0,,,0,0,,,0,0,SORTING,0,KEEP_ORIGINAL,"비트 위치를 하향식으로 탐색하며 첫 번째 성공 사례를 선택하는 전형적인 그리디 전략이며, 다른 구체적인 알고리즘으로 대체될 구조가 아님."
336_C_solution_4,336_C,Vasily the Bear and Sequence,solution_4,4,GREEDY,90,,,0,,,,,,0,0,,,0,,,,0,,0,0,,,0,0,,,0,0,SORTING,0,LIKELY_SPECIFIC_ALGORITHM,"그리디하게 비트를 탐색하는 구조이지만, 실제 풀이의 핵심은 비트 AND 연산과 2^v의 성질을 이용한 BIT_MANIPULATION에 있음"
336_C_solution_7,336_C,Vasily the Bear and Sequence,solution_7,7,GREEDY,90,,,0,,,,,,0,0,,,0,,,,0,,0,0,,,0,0,,,0,0,SORTING,0,KEEP_ORIGINAL,"최대 뷰티 v를 찾기 위해 비트 31부터 0까지 역순으로 탐색하는 그리디 전략이 적절하며, 다른 구체적인 자료구조가 필요하지 않음"
336_C_solution_7,336_C,Vasily the Bear and Sequence,solution_7,7,BITMASK,85,0,0,,,30,,0,,0,,,,,,40,,,,,,,0,,,,,,,MATH,40,KEEP_ORIGINAL,"상태 표현으로서의 bitmask가 아니라, 값 자체의 비트 성질을 이용하는 bit manipulation이 핵심임"
336_C_solution_8,336_C,Vasily the Bear and Sequence,solution_8,8,GREEDY,70,,,0,,,,,,0,0,,,0,,,,0,,0,0,,,0,0,,,0,0,SORTING,0,KEEP_ORIGINAL,"단순히 조건을 만족하는 모든 원소를 선택하여 k를 최대화하는 전형적인 그리디 접근이며, 다른 복잡한 알고리즘의 개입이 없음."
336_C_solution_8,336_C,Vasily the Bear and Sequence,solution_8,8,BITMASK,90,0,0,,,40,,0,,0,,,,,,40,,,,,,,30,,,,,,,BRUTE_FORCE,40,LIKELY_SPECIFIC_ALGORITHM,BITMASK라는 넓은 태그보다 비트의 특정 위치를 조사하고 AND 연산을 수행하는 BIT_MANIPULATION이 훨씬 구체적이고 핵심적인 알고리즘임.
336_C_solution_10,336_C,Vasily the Bear and Sequence,solution_10,10,GREEDY,85,,,0,,,,,,0,0,,,0,,,,0,,0,0,,,0,0,,,0,0,SORTING,0,KEEP_ORIGINAL,"최대 비트부터 확인하는 그리디 전략이 정답을 보장하며, 다른 구체적인 알고리즘으로 대체될 성격이 아님"
336_C_solution_10,336_C,Vasily the Bear and Sequence,solution_10,10,BITMASK,60,0,0,,,40,,0,,0,,,,,,40,,,,,,,0,,,,,,,BRUTE_FORCE,40,LIKELY_SPECIFIC_ALGORITHM,BITMASK(상태 표현)보다는 BIT_MANIPULATION(비트 연산 자체의 성질 이용)이 훨씬 정확한 표현임
336_C_solution_9,336_C,Vasily the Bear and Sequence,solution_9,9,GREEDY,95,,,0,,,,,,0,0,,,0,,,,0,,0,0,,,20,0,,,0,0,SORTING,20,KEEP_ORIGINAL,가장 큰 v를 찾기 위해 비트를 역순으로 확인하는 그리디 접근법이 문제의 목적과 일치하며 최적임
336_C_solution_9,336_C,Vasily the Bear and Sequence,solution_9,9,MATH,60,,,0,,40,0,,,0,,0,0,,95,,0,0,,,,0,,,,,,,,GREEDY,95,LIKELY_SPECIFIC_ALGORITHM,"2^v의 배수라는 수학적 성질을 이용하지만, 이를 통해 최적의 v를 결정하는 과정은 GREEDY 알고리즘에 해당함"
336_C_solution_12,336_C,Vasily the Bear and Sequence,solution_12,12,GREEDY,85,,,0,,,,,,0,0,,,0,,,,0,,0,0,,,0,0,,,0,0,SORTING,0,KEEP_ORIGINAL,"최대 뷰티 v를 찾기 위해 비트 위치를 내림차순으로 탐색하는 전략 자체가 그리디하며, 이를 대체할 더 구체적인 알고리즘은 없음"
336_C_solution_12,336_C,Vasily the Bear and Sequence,solution_12,12,BITMASK,60,0,0,,,40,,0,,0,,,,,,50,,,,,,,0,,,,,,,MATH,50,LIKELY_SPECIFIC_ALGORITHM,"단순한 상태 표현(BITMASK)을 넘어, 비트 단위 조작 및 연산 자체가 핵심인 BIT_MANIPULATION에 해당함"
336_C_solution_14,336_C,Vasily the Bear and Sequence,solution_14,14,GREEDY,80,,,0,,,,,,0,0,,,0,,,,0,,0,0,,,0,0,,,0,0,SORTING,0,KEEP_ORIGINAL,"비트 위치를 순차적으로 탐색하며 최적해를 갱신하는 단순 그리디 구조이며, 더 구체적인 알고리즘 후보가 없다."
336_C_solution_14,336_C,Vasily the Bear and Sequence,solution_14,14,BITMASK,95,0,0,,,40,,0,,0,,,,,,30,,,,,,,0,,,,,,,BRUTE_FORCE,40,KEEP_ORIGINAL,상태 표현을 위한 마스크가 아니라 개별 비트의 성질을 이용하는 BIT_MANIPULATION이 핵심이다.
336_C_solution_16,336_C,Vasily the Bear and Sequence,solution_16,16,GREEDY,80,,,0,,,,,,0,0,,,0,,,,0,,0,0,,,0,0,,,0,0,SORTING,0,KEEP_ORIGINAL,각 비트 i에 대해 가능한 가장 큰 부분집합을 선택하는 그리디 전략이 문제의 '최대한 많은 수를 선택하라'는 조건과 정확히 일치함.
336_C_solution_16,336_C,Vasily the Bear and Sequence,solution_16,16,BITMASK,95,0,0,,,70,,0,,0,,,,,,40,,,,,,,0,,,,,,,BRUTE_FORCE,70,KEEP_ORIGINAL,"비트마스크를 이용한 상태 표현이 아니라, 개별 숫자의 비트 성질을 이용한 연산이 핵심인 문제임."
336_C_solution_13,336_C,Vasily the Bear and Sequence,solution_13,13,GREEDY,95,,,0,,,,,,0,0,,,0,,,,0,,0,0,,,0,0,,,0,0,SORTING,0,KEEP_ORIGINAL,"그리디 전략이 비트 위치 탐색이라는 명확한 구조로 구현되어 있으며, 다른 구체적인 알고리즘으로 대체될 여지가 없음."
336_C_solution_15,336_C,Vasily the Bear and Sequence,solution_15,15,BITMASK,95,0,0,,,60,,0,,0,,,,,,30,,,,,,,0,,,,,,,BRUTE_FORCE,60,KEEP_ORIGINAL,"비트 표현 자체가 문제의 핵심 조건(divisible by 2^v)과 직결되어 있으며, 이를 이용한 필터링 및 AND 연산이 풀이의 전부임"
336_C_solution_17,336_C,Vasily the Bear and Sequence,solution_17,17,GREEDY,90,,,0,,,,,,0,0,,,0,,,,0,,0,0,,,0,0,,,0,0,SORTING,0,KEEP_ORIGINAL,최상위 비트부터 순차적으로 확인하여 처음 만족하는 경우 즉시 종료하는 그리디 전략이 적절함.
336_C_solution_17,336_C,Vasily the Bear and Sequence,solution_17,17,BITMASK,95,0,0,,,50,,0,,0,,,,,,40,,,,,,,0,,,,,,,BRUTE_FORCE,50,KEEP_ORIGINAL,단순한 상태 표현이 아니라 비트 연산 자체(AND)가 풀이의 핵심 논리이므로 BIT_MANIPULATION/BITMASK가 적절함.
336_C_solution_18,336_C,Vasily the Bear and Sequence,solution_18,18,BITMASK,95,0,0,,,85,,0,,0,,,,,,50,,,,,,,0,,,,,,,BRUTE_FORCE,85,LIKELY_SPECIFIC_ALGORITHM,"BITMASK는 상태 표현이나 필터링 수단으로 사용되었으며, 전체 구조는 35개 비트에 대한 BRUTE_FORCE 탐색임."
336_C_solution_19,336_C,Vasily the Bear and Sequence,solution_19,19,GREEDY,95,,,0,,,,,,0,0,,,0,,,,0,,0,0,,,0,0,,,0,0,SORTING,0,KEEP_ORIGINAL,비트 위치를 MSB부터 LSB까지 순차적으로 결정하는 그리디 방식이 가장 적절함
336_C_solution_19,336_C,Vasily the Bear and Sequence,solution_19,19,BITMASK,85,0,0,,,30,,0,,0,,,,,,40,,,,,,,0,,,,,,,MATH,40,KEEP_ORIGINAL,"BITMASK는 상태 표현 및 조건 확인을 위한 도구이며, 풀이의 핵심 논리는 그리디 탐색에 있음"
126_B_solution_2,126_B,Password,solution_2,2,DP,60,,0,0,0,,,0,0,,0,,,,0,,,,0,,0,,,,,0,0,,,PREFIX_SUM,0,KEEP_ORIGINAL,"pi 배열 계산 과정이 DP 성격을 띠지만, 이는 KMP 알고리즘의 일부이며 더 구체적인 알고리즘인 KMP가 핵심임"
336_C_solution_20,336_C,Vasily the Bear and Sequence,solution_20,20,GREEDY,90,,,0,,,,,,0,0,,,0,,,,0,,0,0,,,0,0,,,0,0,SORTING,0,KEEP_ORIGINAL,"비트의 최상위부터 확인하여 처음 발견하는 가능한 v를 선택하는 그리디 방식이 명확하며, 다른 특정 알고리즘으로 대체될 성격이 아님"
126_B_solution_8,126_B,Password,solution_8,8,DP,60,,0,0,0,,,0,0,,0,,,,0,,,,0,,0,,,,,0,0,,,PREFIX_SUM,0,KEEP_ORIGINAL,"lps 배열 생성이 DP 성격을 띠지만, 전체적인 구조는 KMP 문자열 탐색 알고리즘의 전형적인 형태임"
126_B_solution_9,126_B,Password,solution_9,9,DP,60,,0,0,0,,,0,0,,0,,,,0,,,,0,,0,,,,,0,0,,,PREFIX_SUM,0,KEEP_ORIGINAL,prefix function의 DP 성격이 있으나 KMP 알고리즘의 일부로 보는 것이 타당함
126_B_solution_12,126_B,Password,solution_12,12,DP,60,,0,0,0,,,0,0,,0,,,,0,,,,0,,0,,,,,0,0,,,PREFIX_SUM,0,KEEP_ORIGINAL,"KMP의 nex 배열 생성 과정이 DP의 성격을 띠고 있으나, 이는 KMP 알고리즘의 표준 정의에 포함되므로 별도의 DP 분류보다는 KMP로 보는 것이 적절함"
126_B_solution_13,126_B,Password,solution_13,13,DP,60,,0,0,0,,,0,0,,0,,,,0,,,,0,,0,,,,,0,0,,,PREFIX_SUM,0,KEEP_ORIGINAL,"KMP의 pi 배열 계산이 DP의 성격을 띠고 있으나, 제시된 DP 재검증 후보군 중 해당되는 구체적 알고리즘은 없음."
126_B_solution_16,126_B,Password,solution_16,16,DP,60,,0,0,0,,,0,0,,0,,,,0,,,,0,,0,,,,,0,0,,,PREFIX_SUM,0,KEEP_ORIGINAL,"KMP의 실패 함수 구축 자체가 DP의 일종이지만, 구체적으로 KMP 알고리즘으로 분류하는 것이 더 적절함"
126_B_solution_19,126_B,Password,solution_19,19,DP,60,,0,0,0,,,0,0,,0,,,,0,,,,0,,0,,,,,0,0,,,PREFIX_SUM,0,LIKELY_SPECIFIC_ALGORITHM,"KMP의 pi 배열 계산 과정이 DP의 형태를 띠고 있으나, 이는 KMP 알고리즘의 표준적인 구현 방식임"
1217_C_solution_1,1217_C,The Number Of Good Substrings,solution_1,1,MATH,60,,,0,,95,0,,,0,,0,0,,0,,0,0,,,,0,,,,,,,,BRUTE_FORCE,95,KEEP_ORIGINAL,"이진수 표현이라는 수학적 성질을 이용하지만, 풀이의 핵심 제어 구조는 브루트포스 탐색임."
1217_C_solution_3,1217_C,The Number Of Good Substrings,solution_3,3,MATH,60,,,0,,95,0,,,0,,0,0,,0,,0,0,,,,0,,,,,,,,BRUTE_FORCE,95,LIKELY_SPECIFIC_ALGORITHM,"이진수 값의 증가 속도라는 수학적 성질을 이용했지만, 핵심 구현은 BRUTE_FORCE임."
1217_C_solution_7,1217_C,The Number Of Good Substrings,solution_7,7,MATH,60,,,0,,95,0,,,0,,0,0,,0,,0,0,,,,0,,,,,,,,BRUTE_FORCE,95,LIKELY_SPECIFIC_ALGORITHM,"이진수-십진수 변환이라는 수학적 요소가 포함되어 있으나, 전체 풀이의 구조와 시간복잡도를 결정하는 것은 탐색 범위 제한(BRUTE_FORCE)임"
1217_C_solution_9,1217_C,The Number Of Good Substrings,solution_9,9,BITMASK,80,0,0,,,95,,0,,0,,,,,,40,,,,,,,0,,,,,,,BRUTE_FORCE,95,LIKELY_SPECIFIC_ALGORITHM,"비트마스크를 상태 표현으로 쓴 것이 아니라, 이진수 값 계산(Bit Manipulation)과 전수 조사(Brute Force)의 결합으로 풀이 구조가 결정됨"
1217_C_solution_10,1217_C,The Number Of Good Substrings,solution_10,10,BITMASK,60,0,0,,,95,,0,,0,,,,,,40,,,,,,,20,,,,,,,BRUTE_FORCE,95,LIKELY_SPECIFIC_ALGORITHM,"BITMASK(이진수 값 계산)는 상태 표현 수단으로 사용되었으며, 실제 풀이의 핵심 제어 구조는 제한된 범위 내의 BRUTE_FORCE임."
1217_C_solution_14,1217_C,The Number Of Good Substrings,solution_14,14,BITMASK,60,0,0,,,95,,0,,0,,,,,,40,,,,,,,0,,,,,,,BRUTE_FORCE,95,LIKELY_SPECIFIC_ALGORITHM,"비트마스크(이진수 표현)를 사용하지만, 이를 이용해 모든 가능한 짧은 길이를 탐색하는 BRUTE_FORCE가 풀이의 핵심 구조임."
1217_C_solution_15,1217_C,The Number Of Good Substrings,solution_15,15,BITMASK,60,0,0,,,95,,0,,0,,,,,,40,,,,,,,0,,,,,,,BRUTE_FORCE,95,LIKELY_SPECIFIC_ALGORITHM,"BITMASK/BIT_MANIPULATION은 이진수를 십진수로 변환하기 위한 수단일 뿐, 전체 풀이 구조는 유효 길이를 제한한 BRUTE_FORCE가 핵심임."
1217_C_solution_17,1217_C,The Number Of Good Substrings,solution_17,17,MATH,70,,,0,,95,0,,,0,,0,0,,0,,0,0,,,,0,,,,,,,,BRUTE_FORCE,95,KEEP_ORIGINAL,"이진수-십진수 변환이라는 기초 수학적 성질을 사용하지만, 전체 구조는 브루트포스가 결정함"
1167_E_solution_5,1167_E,Range Deleting,solution_5,5,GREEDY,60,,,0,,,,,,0,0,,,0,,,,0,,0,0,,,20,0,,,85,0,TWO_POINTERS,85,LIKELY_SPECIFIC_ALGORITHM,"단순한 그리디 선택보다 값의 범위 [1, x]에서의 투 포인터/슬라이딩 윈도우적 경계 관리가 핵심임."
1366_D_solution_2,1366_D,Two Divisors,solution_2,2,MATH,90,,,0,,0,0,,,0,,50,0,,0,,0,0,,,,100,,,,,,,,SIEVE,100,LIKELY_SPECIFIC_ALGORITHM,단순한 MATH 태그보다 SIEVE를 이용한 소인수 분해 구조가 풀이의 핵심이자 시간복잡도를 결정함
1366_D_solution_1,1366_D,Two Divisors,solution_1,1,MATH,85,,,0,,0,0,,,0,,60,0,,0,,0,0,,,,90,,,,,,,,SIEVE,90,KEEP_ORIGINAL,"NUMBER_THEORY와 SIEVE가 실제 풀이의 핵심이며, 구체적인 수론적 구성 방식이 정확히 적용됨"
1366_D_solution_3,1366_D,Two Divisors,solution_3,3,MATH,85,,,0,,0,0,,,0,,60,0,,0,,0,0,,,,90,,,,,,,,SIEVE,90,LIKELY_SPECIFIC_ALGORITHM,단순한 MATH 태그보다 SIEVE를 이용한 SPF 생성과 NUMBER_THEORY(약수의 성질)가 훨씬 구체적이고 핵심적인 알고리즘임
1366_D_solution_4,1366_D,Two Divisors,solution_4,4,MATH,85,,,0,,0,0,,,0,,60,0,,0,,0,0,,,,90,,,,,,,,SIEVE,90,LIKELY_SPECIFIC_ALGORITHM,단순 MATH 태그보다 NUMBER_THEORY 내의 SIEVE 기법이 코드의 시간복잡도와 구조를 결정하는 핵심 알고리즘임.
1366_D_solution_5,1366_D,Two Divisors,solution_5,5,MATH,85,,,0,,0,0,,,0,,20,0,,0,,0,0,,,,95,,,,,,,,SIEVE,95,LIKELY_SPECIFIC_ALGORITHM,넓은 의미의 MATH보다는 구체적인 NUMBER_THEORY 및 SIEVE 알고리즘이 문제 해결의 핵심임
1366_D_solution_7,1366_D,Two Divisors,solution_7,7,MATH,90,,,0,,0,0,,,0,,60,0,,0,,0,0,,,,80,,,,,,,,SIEVE,80,LIKELY_SPECIFIC_ALGORITHM,MATH라는 넓은 태그보다 소인수 분해와 체(Sieve)를 이용한 NUMBER_THEORY가 훨씬 더 구체적이고 핵심적인 알고리즘임
1366_D_solution_6,1366_D,Two Divisors,solution_6,6,MATH,85,,,0,,0,0,,,0,,30,0,,0,,0,0,,,,100,,,,,,,,SIEVE,100,LIKELY_SPECIFIC_ALGORITHM,넓은 의미의 MATH 태그보다는 SIEVE와 NUMBER_THEORY라는 구체적인 알고리즘/분야가 풀이의 핵심을 결정함.
1366_D_solution_8,1366_D,Two Divisors,solution_8,8,MATH,80,,,0,,0,0,,,0,,40,0,,0,,0,0,,,,90,,,,,,,,SIEVE,90,LIKELY_SPECIFIC_ALGORITHM,넓은 범위의 MATH보다 구체적인 NUMBER_THEORY 및 SIEVE 구현이 핵심임
1366_D_solution_10,1366_D,Two Divisors,solution_10,10,MATH,85,,,0,,0,0,,,0,,70,0,,0,,0,0,,,,100,,,,,,,,SIEVE,100,LIKELY_SPECIFIC_ALGORITHM,넓은 의미의 MATH/NUMBER_THEORY보다 SPF Sieve를 이용한 소인수분해 기법이 구현의 핵심이자 시간 복잡도를 결정함
1366_D_solution_12,1366_D,Two Divisors,solution_12,12,MATH,85,,,0,,0,0,,,0,,40,0,,0,,0,0,,,,95,,,,,,,,SIEVE,95,LIKELY_SPECIFIC_ALGORITHM,단순한 MATH 태그보다 구체적인 NUMBER_THEORY 및 SIEVE 알고리즘이 풀이의 핵심 구조를 결정함
1366_D_solution_11,1366_D,Two Divisors,solution_11,11,MATH,90,,,0,,0,0,,,0,,40,0,,0,,0,0,,,,100,,,,,,,,SIEVE,100,LIKELY_SPECIFIC_ALGORITHM,MATH라는 넓은 태그보다 SIEVE 및 NUMBER_THEORY(소인수 분해)라는 구체적인 기법이 문제 해결의 핵심임
1366_D_solution_14,1366_D,Two Divisors,solution_14,14,MATH,85,,,0,,0,0,,,0,,60,0,,0,,0,0,,,,80,,,,,,,,SIEVE,80,LIKELY_SPECIFIC_ALGORITHM,MATH라는 넓은 태그보다 소인수 분해와 체를 이용한 NUMBER_THEORY가 훨씬 구체적이고 핵심적인 알고리즘임
1366_D_solution_13,1366_D,Two Divisors,solution_13,13,MATH,90,,,0,,0,0,,,0,,40,0,,0,,0,0,,,,100,,,,,,,,SIEVE,100,LIKELY_SPECIFIC_ALGORITHM,MATH라는 넓은 태그보다 SPF SIEVE와 소인수 분해라는 구체적인 수론 기법이 풀이의 핵심임
1366_D_solution_16,1366_D,Two Divisors,solution_16,16,MATH,85,,,0,,0,0,,,0,,60,0,,0,,0,0,,,,90,,,,,,,,SIEVE,90,LIKELY_SPECIFIC_ALGORITHM,단순 MATH 태그보다 더 구체적인 NUMBER_THEORY 및 SIEVE를 이용한 소인수 분해 기법이 핵심임
1366_D_solution_15,1366_D,Two Divisors,solution_15,15,MATH,80,,,0,,0,0,,,0,,30,0,,0,,0,0,,,,90,,,,,,,,SIEVE,90,LIKELY_SPECIFIC_ALGORITHM,MATH라는 넓은 태그보다 구체적으로 정수론(NUMBER_THEORY)의 소인수분해와 에라토스테네스의 체(SIEVE)를 이용한 구성적 방법이 핵심임
1366_D_solution_17,1366_D,Two Divisors,solution_17,17,MATH,90,,,0,,0,0,,,0,,40,0,,0,,0,0,,,,95,,,,,,,,SIEVE,95,LIKELY_SPECIFIC_ALGORITHM,단순 MATH보다 구체적인 NUMBER_THEORY 및 SIEVE(SPF)가 풀이의 시간복잡도와 구조를 결정함.
1366_D_solution_20,1366_D,Two Divisors,solution_20,20,MATH,90,,,0,,0,0,,,0,,30,0,,0,,0,0,,,,95,,,,,,,,SIEVE,95,LIKELY_SPECIFIC_ALGORITHM,단순 MATH보다 SIEVE를 이용한 NUMBER_THEORY(소인수 분해)가 훨씬 구체적이고 핵심적인 풀이 구조임
1366_D_solution_19,1366_D,Two Divisors,solution_19,19,MATH,85,,,0,,0,0,,,0,,40,0,,0,,0,0,,,,95,,,,,,,,SIEVE,95,LIKELY_SPECIFIC_ALGORITHM,MATH라는 넓은 태그보다 SIEVE와 NUMBER_THEORY라는 구체적인 알고리즘이 풀이의 핵심 구조(소인수 분해 및 SPF 구축)를 결정함.
1366_D_solution_9,1366_D,Two Divisors,solution_9,9,MATH,90,,,0,,0,0,,,0,,40,0,,0,,0,0,,,,98,,,,,,,,SIEVE,98,LIKELY_SPECIFIC_ALGORITHM,MATH라는 넓은 태그보다 구체적인 SIEVE 알고리즘과 NUMBER_THEORY의 소인수 분해 성질이 핵심임
1554_C_solution_2,1554_C,Mikasa,solution_2,2,GREEDY,85,,,10,,,,,,0,0,,,0,,,,10,,0,0,,,0,0,,,0,0,BINARY_SEARCH,10,KEEP_ORIGINAL,"비트 단위의 그리디 결정(Bit-fixing greedy)이 이 문제의 정석적인 접근법이며, 다른 특정 알고리즘으로 대체하기보다 비트 조작 자체가 핵심임"
1554_C_solution_2,1554_C,Mikasa,solution_2,2,BITMASK,60,0,0,,,0,,0,,0,,,,,,20,,,,,,,0,,,,,,,MATH,20,LIKELY_SPECIFIC_ALGORITHM,BITMASK(상태 표현)보다는 BIT_MANIPULATION(비트 조작)이 실제 풀이의 핵심 메커니즘임
1554_C_solution_3,1554_C,Mikasa,solution_3,3,GREEDY,90,,,70,,,,,,0,0,,,0,,,,60,,0,0,,,0,0,,,0,0,BINARY_SEARCH,70,KEEP_ORIGINAL,"비트 단위 그리디 결정 방식이 이분 탐색의 원리와 매우 유사하지만, 이 문제에서는 BIT_MANIPULATION을 통한 그리디 접근이 가장 직접적이고 구체적인 풀이법이다."
1554_C_solution_3,1554_C,Mikasa,solution_3,3,BITMASK,85,0,0,,,0,,0,,0,,,,,,60,,,,,,,0,,,,,,,MATH,60,KEEP_ORIGINAL,"BITMASK는 여기서 상태 표현이 아니라 BIT_MANIPULATION(비트 조작)의 도구로 사용되었으며, 그리디 전략과 결합되어 있다."
1554_C_solution_3,1554_C,Mikasa,solution_3,3,MATH,60,,,30,,0,0,,,0,,0,0,,90,,0,20,,,,0,,,,,,,,GREEDY,90,LIKELY_SPECIFIC_ALGORITHM,단순 수학적 계산보다는 XOR 비트 구조를 분석하여 최솟값을 찾는 BIT_MANIPULATION 및 GREEDY 알고리즘이 훨씬 구체적이고 핵심적이다.
1554_C_solution_6,1554_C,Mikasa,solution_6,6,GREEDY,85,,,40,,,,,,0,0,,,0,,,,40,,0,0,,,0,0,,,0,0,BINARY_SEARCH,40,KEEP_ORIGINAL,"최상위 비트부터 결정하는 방식이 이분 탐색과 유사한 성격을 띠지만, 실제 구현은 비트 단위의 그리디한 결정 구조가 핵심임."
1554_C_solution_6,1554_C,Mikasa,solution_6,6,BITMASK,90,0,0,,,0,,0,,0,,,,,,60,,,,,,,0,,,,,,,MATH,60,KEEP_ORIGINAL,BITMASK는 상태 표현보다는 비트 연산 그 자체가 핵심인 BIT_MANIPULATION에 더 가까움.
1554_C_solution_6,1554_C,Mikasa,solution_6,6,MATH,60,,,40,,0,0,,,0,,0,0,,85,,0,40,,,,0,,,,,,,,GREEDY,85,KEEP_ORIGINAL,"XOR의 수학적 성질을 이용하지만, 구체적인 알고리즘 구조는 그리디한 비트 결정 방식임."
1554_C_solution_5,1554_C,Mikasa,solution_5,5,GREEDY,85,,,0,,,,,,0,0,,,0,,,,0,,0,0,,,0,0,,,0,0,SORTING,0,KEEP_ORIGINAL,비트 단위로 MSB부터 최적의 선택을 내리는 그리디 구성 방식이 명확함.
1554_C_solution_5,1554_C,Mikasa,solution_5,5,BITMASK,80,0,0,,,0,,0,,0,,,,,,60,,,,,,,0,,,,,,,MATH,60,KEEP_ORIGINAL,BITMASK는 상태 표현이 아니라 비트 연산 로직(BIT_MANIPULATION) 자체가 핵심임.
1554_C_solution_5,1554_C,Mikasa,solution_5,5,MATH,60,,,0,,0,0,,,0,,0,0,,85,,0,0,,,,0,,,,,,,,GREEDY,85,KEEP_ORIGINAL,단순 수식 계산이 아니라 이진수 표현의 성질을 이용한 그리디 구성임.
1366_D_solution_18,1366_D,Two Divisors,solution_18,18,MATH,90,,,0,,0,0,,,0,,60,0,,0,,0,0,,,,95,,,,,,,,SIEVE,95,LIKELY_SPECIFIC_ALGORITHM,MATH라는 넓은 태그보다 NUMBER_THEORY 및 SIEVE라는 구체적인 수론 알고리즘이 풀이의 핵심을 결정함
1554_C_solution_1,1554_C,Mikasa,solution_1,1,GREEDY,80,,,0,,,,,,0,0,,,0,,,,0,,0,0,,,0,0,,,0,0,SORTING,0,LIKELY_SPECIFIC_ALGORITHM,"GREEDY한 선택 과정이 포함되어 있으나, 실제 정답 논리와 코드 구조는 XOR 비트 연산 및 비트 단위 구성(BIT_MANIPULATION)에 전적으로 의존함"
1554_C_solution_1,1554_C,Mikasa,solution_1,1,BITMASK,60,0,0,,,0,,0,,0,,,,,,40,,,,,,,0,,,,,,,MATH,40,KEEP_ORIGINAL,BITMASK는 여기서 상태 표현이 아니라 XOR 비트 연산(BIT_MANIPULATION) 자체로 사용됨
1554_C_solution_7,1554_C,Mikasa,solution_7,7,GREEDY,90,,,30,,,,,,0,0,,,0,,,,30,,0,0,,,0,0,,,0,0,BINARY_SEARCH,30,KEEP_ORIGINAL,"비트 단위로 최적의 선택을 하는 그리디 구성 방식이 핵심이며, 다른 구체적인 알고리즘으로 대체되지 않음."
1554_C_solution_7,1554_C,Mikasa,solution_7,7,BITMASK,80,0,0,,,0,,0,,0,,,,,,40,,,,,,,0,,,,,,,MATH,40,KEEP_ORIGINAL,"비트마스크를 이용한 집합 표현이 아니라, 숫자 자체의 비트 연산(XOR, AND)이 핵심인 BIT_MANIPULATION 문제임."
1554_C_solution_9,1554_C,Mikasa,solution_9,9,GREEDY,85,,,20,,,,,,0,0,,,0,,,,0,,0,0,,,0,0,,,0,0,BINARY_SEARCH,20,KEEP_ORIGINAL,비트 단위의 최적 선택을 통해 최소값을 구하는 전형적인 비트 그리디 풀이임
1554_C_solution_8,1554_C,Mikasa,solution_8,8,GREEDY,95,,,0,,,,,,0,0,,,0,,,,0,,0,0,,,0,0,,,0,0,SORTING,0,KEEP_ORIGINAL,각 비트 단계에서 k를 최소로 유지하며 조건을 만족시키는 결정이 전체 최적해를 보장하는 명확한 그리디 구조임
1554_C_solution_8,1554_C,Mikasa,solution_8,8,BITMASK,60,0,0,,,0,,0,,0,,,,,,40,,,,,,,0,,,,,,,MATH,40,KEEP_ORIGINAL,"상태 표현으로서의 비트마스크가 아니라, 비트 단위의 연산과 비교를 통한 값 구성이 핵심임"
1554_C_solution_10,1554_C,Mikasa,solution_10,10,GREEDY,90,,,40,,,,,,0,0,,,0,,,,30,,0,0,,,0,0,,,0,0,BINARY_SEARCH,40,KEEP_ORIGINAL,비트별 결정 과정 자체가 그리디한 선택을 통해 최소 x를 구성하는 과정이므로 GREEDY 분류가 적절함
1554_C_solution_10,1554_C,Mikasa,solution_10,10,BITMASK,70,0,0,,,0,,0,,0,,,,,,60,,,,,,,0,,,,,,,MATH,60,KEEP_ORIGINAL,"BITMASK는 상태 표현보다는 개별 비트 조작(BIT_MANIPULATION)으로 사용되었으며, 이는 독립적인 알고리즘으로 충분히 설명됨"
1554_C_solution_10,1554_C,Mikasa,solution_10,10,MATH,60,,,40,,0,0,,,0,,0,0,,90,,0,30,,,,0,,,,,,,,GREEDY,90,LIKELY_SPECIFIC_ALGORITHM,"XOR 연산의 수학적 성질을 이용하지만, 실제 구현은 BIT_MANIPULATION과 GREEDY에 의해 결정됨"
1554_C_solution_11,1554_C,Mikasa,solution_11,11,GREEDY,80,,,0,,,,,,0,0,,,0,,,,0,,0,0,,,0,0,,,0,0,SORTING,0,KEEP_ORIGINAL,"비트 구성 과정에서 그리디한 선택이 사용되지만, 핵심 로직은 비트 조작(BIT_MANIPULATION)에 있음."
1554_C_solution_11,1554_C,Mikasa,solution_11,11,BITMASK,95,0,0,,,0,,0,,0,,,,,,60,,,,,,,0,,,,,,,MATH,60,KEEP_ORIGINAL,상태 표현이 아니라 비트 연산 자체를 이용한 값의 구성이 핵심이므로 BIT_MANIPULATION이 적절함.
1554_C_solution_11,1554_C,Mikasa,solution_11,11,MATH,60,,,0,,0,0,,,0,,0,0,,80,,0,0,,,,0,,,,,,,,GREEDY,80,LIKELY_SPECIFIC_ALGORITHM,"XOR 성질이라는 수학적 배경이 있으나, 구현의 핵심은 비트 조작과 그리디한 구성 방식임."
1554_C_solution_14,1554_C,Mikasa,solution_14,14,GREEDY,95,,,40,,,,,,0,0,,,0,,,,30,,0,0,,,0,0,,,0,0,BINARY_SEARCH,40,KEEP_ORIGINAL,"비트를 MSB부터 결정하여 최소값을 만드는 그리디 접근법이 가장 적절하며, 제시된 다른 후보 알고리즘들이 이 논리를 대체할 수 없음."
1554_C_solution_14,1554_C,Mikasa,solution_14,14,BITMASK,85,0,0,,,0,,0,,0,,,,,,40,,,,,,,0,,,,,,,MATH,40,KEEP_ORIGINAL,비트마스크는 상태 표현 수단이 아니라 비트 연산 자체의 성질을 이용한 그리디 풀이임.
1554_C_solution_12,1554_C,Mikasa,solution_12,12,GREEDY,85,,,40,,,,,,0,0,,,0,,,,30,,0,0,,,0,0,,,0,0,BINARY_SEARCH,40,KEEP_ORIGINAL,"비트 단위로 최적의 선택을 하는 그리디 전략이 적절하며, 특정 자료구조나 이분 탐색 알고리즘이 핵심을 대체하지 않음"
1554_C_solution_12,1554_C,Mikasa,solution_12,12,BITMASK,90,0,0,,,0,,0,,0,,,,,,80,,,,,,,0,,,,,,,MATH,80,LIKELY_SPECIFIC_ALGORITHM,BITMASK라는 넓은 범주보다 BIT_MANIPULATION이라는 구체적인 비트 조작 기법이 풀이의 시간복잡도와 정답 논리를 직접적으로 결정함
1554_C_solution_12,1554_C,Mikasa,solution_12,12,MATH,70,,,40,,0,0,,,0,,0,0,,85,,0,30,,,,0,,,,,,,,GREEDY,85,KEEP_ORIGINAL,"XOR 연산의 수학적 성질을 이용하지만, 실제 구현은 비트 단위 그리디 탐색으로 이루어짐"
1554_C_solution_15,1554_C,Mikasa,solution_15,15,GREEDY,90,,,10,,,,,,0,0,,,0,,,,10,,0,0,,,0,0,,,0,0,BINARY_SEARCH,10,KEEP_ORIGINAL,"비트 단위의 결정 과정이 전형적인 그리디 최적화 구조이며, 다른 구체적인 알고리즘으로 대체될 성격이 아님."
1554_C_solution_15,1554_C,Mikasa,solution_15,15,MATH,60,,,10,,0,0,,,0,,0,0,,90,,0,10,,,,0,,,,,,,,GREEDY,90,KEEP_ORIGINAL,"XOR의 수학적 성질을 이용하지만, 실제 구현은 비트 조작과 그리디 전략에 기반함."
1554_C_solution_13,1554_C,Mikasa,solution_13,13,GREEDY,85,,,10,,,,,,0,0,,,0,,,,10,,0,0,,,0,0,,,0,0,BINARY_SEARCH,10,LIKELY_SPECIFIC_ALGORITHM,"그리디 전략이 사용되었으나, 그 구체적인 구현 방식이 비트 조작(BIT_MANIPULATION)에 전적으로 의존하고 있음"
1554_C_solution_13,1554_C,Mikasa,solution_13,13,BITMASK,80,0,0,,,0,,0,,0,,,,,,40,,,,,,,0,,,,,,,MATH,40,KEEP_ORIGINAL,BITMASK/BIT_MANIPULATION 자체가 이 문제의 핵심 알고리즘임
1554_C_solution_16,1554_C,Mikasa,solution_16,16,GREEDY,65,,,20,,,,,,0,0,,,0,,,,20,,0,0,,,0,0,,,0,0,BINARY_SEARCH,20,KEEP_ORIGINAL,"최솟값을 찾는 그리디한 성격이 있으나, 핵심은 비트 조작(BIT_MANIPULATION)에 있음"
1554_C_solution_16,1554_C,Mikasa,solution_16,16,BITMASK,90,0,0,,,0,,0,,0,,,,,,80,,,,,,,0,,,,,,,MATH,80,LIKELY_SPECIFIC_ALGORITHM,"BITMASK는 상태 표현 방식이며, 실제 풀이 핵심은 XOR의 수학적 성질과 비트 조작(BIT_MANIPULATION)임"
1554_C_solution_16,1554_C,Mikasa,solution_16,16,MATH,80,,,20,,0,0,,,0,,0,0,,65,,0,20,,,,0,,,,,,,,GREEDY,65,KEEP_ORIGINAL,"XOR의 성질을 이용한 수학적 접근이 맞으며, 더 구체적으로는 비트 조작으로 구현됨"
1554_C_solution_18,1554_C,Mikasa,solution_18,18,GREEDY,85,,,10,,,,,,0,0,,,0,,,,10,,0,0,,,0,0,,,0,0,BINARY_SEARCH,10,KEEP_ORIGINAL,"비트 단위의 그리디 결정 과정이 핵심이며, 다른 구체적인 알고리즘 기법으로 대체되는 구조가 아님"
1554_C_solution_18,1554_C,Mikasa,solution_18,18,BITMASK,70,0,0,,,0,,0,,0,,,,,,60,,,,,,,20,,,,,,,MATH,60,KEEP_ORIGINAL,BITMASK보다는 개별 비트를 조작하는 BIT_MANIPULATION 성격이 매우 강함
1554_C_solution_18,1554_C,Mikasa,solution_18,18,MATH,60,,,0,,0,0,,,0,,0,0,,85,,0,0,,,,0,,,,,,,,GREEDY,85,KEEP_ORIGINAL,"수학적 성질을 이용하지만, 핵심 구현은 비트 조작과 그리디 선택임"
1554_C_solution_17,1554_C,Mikasa,solution_17,17,GREEDY,90,,,30,,,,,,0,0,,,0,,,,20,,0,0,,,0,0,,,0,0,BINARY_SEARCH,30,KEEP_ORIGINAL,상위 비트부터 결정하여 최솟값을 만드는 전형적인 비트-그리디(Bit-Greedy) 풀이임
1554_C_solution_17,1554_C,Mikasa,solution_17,17,BITMASK,80,0,0,,,0,,0,,0,,,,,,60,,,,,,,0,,,,,,,MATH,60,KEEP_ORIGINAL,상태 표현으로서의 비트마스크보다 비트 연산 자체(Bit Manipulation)가 핵심인 문제임
1554_C_solution_17,1554_C,Mikasa,solution_17,17,MATH,60,,,30,,0,0,,,0,,0,0,,90,,0,20,,,,0,,,,,,,,GREEDY,90,KEEP_ORIGINAL,"XOR의 수학적 성질을 이용하지만, 풀이 구조는 탐욕적 비트 구성임"
1554_C_solution_19,1554_C,Mikasa,solution_19,19,GREEDY,90,,,0,,,,,,0,0,,,0,,,,0,,0,0,,,0,0,,,0,0,SORTING,0,KEEP_ORIGINAL,"비트 단위 그리디 결정 방식이며, 제시된 다른 구체적인 알고리즘 후보군에 해당하지 않음."
1554_C_solution_19,1554_C,Mikasa,solution_19,19,BITMASK,80,0,0,,,0,,0,,0,,,,,,60,,,,,,,0,,,,,,,MATH,60,KEEP_ORIGINAL,단순 상태 표현이 아니라 비트 조작(Manipulation) 자체가 문제 풀이의 핵심 논리임.
1554_C_solution_19,1554_C,Mikasa,solution_19,19,MATH,60,,,0,,0,0,,,0,,0,0,,90,,0,0,,,,0,,,,,,,,GREEDY,90,KEEP_ORIGINAL,"수학적 성질(XOR)을 이용하지만, 실제 구현은 비트 단위 그리디 결정 방식임."
1554_C_solution_20,1554_C,Mikasa,solution_20,20,GREEDY,90,,,30,,,,,,0,0,,,0,,,,0,,0,0,,,0,0,,,0,0,BINARY_SEARCH,30,LIKELY_SPECIFIC_ALGORITHM,"전형적인 그리디 전략을 사용하지만, 그 대상과 도구가 비트 연산에 특화되어 있으므로 BIT_MANIPULATION이 더 구체적인 핵심 알고리즘이다."
1554_C_solution_20,1554_C,Mikasa,solution_20,20,MATH,70,,,20,,0,0,,,0,,0,0,,90,,0,0,,,,0,,,,,,,,GREEDY,90,KEEP_ORIGINAL,"XOR의 수학적 성질을 이용하지만, 구체적인 구현은 비트 조작과 그리디 전략에 의존한다."
818_F_solution_1,818_F,Level Generation,solution_1,1,MATH,90,,,85,,0,30,,,0,,0,0,,0,,0,95,,,,0,,,,,,,,PARAMETRIC_SEARCH,95,LIKELY_SPECIFIC_ALGORITHM,단순 MATH보다는 정답의 단조성을 이용한 PARAMETRIC_SEARCH가 전체 풀이 구조와 시간 복잡도를 결정하는 핵심 알고리즘임.
818_F_solution_3,818_F,Level Generation,solution_3,3,MATH,85,,,95,,0,40,,,0,,0,0,,0,,0,90,,,,0,,,,,,,,BINARY_SEARCH,95,LIKELY_SPECIFIC_ALGORITHM,"수학적인 모델링이 기반이 되지만, 실제 구현과 시간복잡도를 결정하는 핵심 메커니즘은 BINARY_SEARCH(PARAMETRIC_SEARCH)임"
818_F_solution_2,818_F,Level Generation,solution_2,2,MATH,90,,,95,,0,40,,,0,,0,0,,0,,0,0,,,,0,,,,,,,,BINARY_SEARCH,95,LIKELY_SPECIFIC_ALGORITHM,"수학적 분석이 기반이 되지만, 실제 최적값을 찾는 구현 핵심은 BINARY_SEARCH임"
818_F_solution_5,818_F,Level Generation,solution_5,5,MATH,100,,,0,,0,20,,,0,,0,0,,0,,0,0,,,,0,,,,,,,,COMBINATORICS,20,KEEP_ORIGINAL,"클리크의 간선 수 계산(nC2)과 같은 조합론적 기초가 포함되어 있으나, 전체적인 구조는 함수 최적화 문제로 MATH 분류가 가장 적절함"
818_F_solution_6,818_F,Level Generation,solution_6,6,MATH,85,,,95,,0,0,,,0,,0,0,,0,,0,90,,,,0,,,,,,,,BINARY_SEARCH,95,LIKELY_SPECIFIC_ALGORITHM,"수학적 조건(n-k >= k(k-1)/2)을 만족하는 최댓값을 찾는 문제이므로, 단순 MATH 태그보다 BINARY_SEARCH/PARAMETRIC_SEARCH가 더 구체적인 핵심 알고리즘임"
818_F_solution_4,818_F,Level Generation,solution_4,4,MATH,95,,,80,,0,0,,,0,,0,0,,0,,0,0,,,,0,,,,,,,,BINARY_SEARCH,80,KEEP_ORIGINAL,"삼분 탐색은 이분 탐색의 확장형으로 볼 수 있어 BINARY_SEARCH 점수가 높으나, 문제의 본질은 수학적 최적화이므로 MATH 유지가 적절함"
818_F_solution_7,818_F,Level Generation,solution_7,7,MATH,90,,,95,,0,0,,,0,,0,0,,0,,0,0,,,,0,,,,,,,,BINARY_SEARCH,95,LIKELY_SPECIFIC_ALGORITHM,"단순한 수학 공식 계산을 넘어, 정의된 수학 함수의 극값을 찾기 위해 삼분 탐색(BINARY_SEARCH 범주)을 사용하는 구조가 시간복잡도를 결정하는 핵심임."
818_F_solution_9,818_F,Level Generation,solution_9,9,MATH,85,,,90,,0,70,,,0,,0,0,,30,,0,95,,,,0,,,,,,,,PARAMETRIC_SEARCH,95,LIKELY_SPECIFIC_ALGORITHM,단순 수학 공식 적용을 넘어 Parametric Search를 통해 최적해를 탐색하는 구조가 핵심임
818_F_solution_8,818_F,Level Generation,solution_8,8,MATH,95,,,80,,0,0,,,0,,0,0,,0,,0,0,,,,0,,,,,,,,BINARY_SEARCH,80,KEEP_ORIGINAL,"삼분 탐색(Ternary Search)이 사용되어 BINARY_SEARCH 계열 점수가 높으나, 문제의 본질인 그래프 모델링과 수식 도출이 더 핵심적이므로 MATH를 유지함"
818_F_solution_13,818_F,Level Generation,solution_13,13,MATH,85,,,95,,0,40,,,0,,0,0,,0,,0,98,,,,0,,,,,,,,PARAMETRIC_SEARCH,98,LIKELY_SPECIFIC_ALGORITHM,"수학적 공식(nC2)이 사용되었으나, 문제의 핵심 풀이 구조는 이를 이용한 Parametric Search임."
818_F_solution_11,818_F,Level Generation,solution_11,11,MATH,90,,,90,,0,70,,,0,,0,0,,0,,0,95,,,,0,,,,,,,,PARAMETRIC_SEARCH,95,LIKELY_SPECIFIC_ALGORITHM,MATH 태그의 구체적인 내용이 조합론적 그래프 성질(클리크의 간선 수)과 Parametric Search의 결합으로 이루어져 있음
818_F_solution_14,818_F,Level Generation,solution_14,14,MATH,100,,,10,,20,40,,,0,,0,0,,20,,0,0,,,,0,,,,,,,,COMBINATORICS,40,KEEP_ORIGINAL,조합론적 관점(Clique의 간선 수)과 근의 공식을 활용한 최적화가 핵심이므로 MATH 태그가 가장 적절합니다.
818_F_solution_10,818_F,Level Generation,solution_10,10,MATH,95,,,0,,60,0,,,0,,0,0,,0,,0,0,,,,0,,,,,,,,BRUTE_FORCE,60,KEEP_ORIGINAL,"대수적인 최적화 문제이며, 특정 세부 수학 태그보다 전반적인 MATH/Algebraic optimization에 해당함."
818_F_solution_16,818_F,Level Generation,solution_16,16,MATH,85,,,90,,0,70,,,0,,0,0,,0,,0,95,,,,0,,,,,,,,PARAMETRIC_SEARCH,95,LIKELY_SPECIFIC_ALGORITHM,단순 수학 계산보다 정답의 단조성을 이용한 PARAMETRIC_SEARCH가 전체 풀이의 시간복잡도와 구조를 결정함
818_F_solution_12,818_F,Level Generation,solution_12,12,MATH,95,,,70,,0,85,,,0,,0,0,,0,,0,0,,,,0,,,,,,,,COMBINATORICS,85,KEEP_ORIGINAL,"Clique의 엣지 수 계산과 브릿지 조건 분석이라는 조합론적/수학적 접근이 핵심이며, 이를 ternary search로 해결한 것이 적절함"
818_F_solution_17,818_F,Level Generation,solution_17,17,MATH,90,,,95,,0,0,,,0,,0,0,,0,,0,0,,,,0,,,,,,,,BINARY_SEARCH,95,LIKELY_SPECIFIC_ALGORITHM,"수학적 모델링(MATH)이 기반이지만, 실제 정답을 도출하는 핵심 제어 구조는 삼분 탐색(BINARY_SEARCH 계열)임."
818_F_solution_18,818_F,Level Generation,solution_18,18,MATH,95,,,85,,0,60,,,0,,0,0,,0,,0,0,,,,0,,,,,,,,BINARY_SEARCH,85,LIKELY_SPECIFIC_ALGORITHM,"MATH 태그가 적절하지만, 구체적으로 Ternary Search(BINARY_SEARCH 범주)를 통해 최적값을 찾는 과정이 시간 복잡도를 결정하는 핵심 요소임"
818_F_solution_19,818_F,Level Generation,solution_19,19,MATH,90,,,95,,0,50,,,0,,0,0,,0,,0,0,,,,0,,,,,,,,BINARY_SEARCH,95,LIKELY_SPECIFIC_ALGORITHM,"수학적인 최적화 식을 세우는 것이 핵심이지만, 실제로 구현된 핵심 로직은 삼분 탐색(Ternary Search, BINARY_SEARCH 범주)을 통한 값 찾기임."
818_F_solution_15,818_F,Level Generation,solution_15,15,MATH,90,,,90,,0,85,,,0,,0,0,,20,,0,95,,,,0,,,,,,,,PARAMETRIC_SEARCH,95,LIKELY_SPECIFIC_ALGORITHM,단순한 MATH 태그보다 clique 간선 수 계산과 이분 탐색을 결합한 PARAMETRIC_SEARCH가 풀이의 전체 구조를 결정함.
1204_D1_solution_2,1204_D1,Kirk and a Binary String (easy version),solution_2,2,GREEDY,75,,,0,,,,,,95,0,,,0,,,,0,,0,0,,,0,0,,,0,0,DP,95,KEEP_ORIGINAL,"그리디한 재구성 단계가 있으나, 전체적인 풀이의 정답 논리와 시간복잡도는 사전 계산된 DP 값에 의존함"
1204_D1_solution_2,1204_D1,Kirk and a Binary String (easy version),solution_2,2,DP,95,,0,0,0,,,0,0,,0,,,,75,,,,0,,0,,,,,0,0,,,GREEDY,75,KEEP_ORIGINAL,"LNDS 계산을 위한 명확한 상태 정의와 전이가 존재하며, 이는 전형적인 DP 구조임"
1204_D1_solution_1,1204_D1,Kirk and a Binary String (easy version),solution_1,1,GREEDY,90,,,0,,,,,,65,0,,,0,,,,0,,0,0,,,0,0,,,0,0,DP,65,KEEP_ORIGINAL,"LNDS 상태를 추적하기 위해 DP적인 요소를 사용하고 있으나, 궁극적으로 문자열 t를 결정하는 과정은 그리디한 선택의 연속임."
1204_D1_solution_1,1204_D1,Kirk and a Binary String (easy version),solution_1,1,DP,65,,0,0,0,,,0,0,,0,,,,90,,,,0,,0,,,,,0,0,,,GREEDY,90,LIKELY_SPECIFIC_ALGORITHM,"상태 전이 방식이 DP와 유사하지만, 정답 문자열을 구성하는 목적과 방식은 전형적인 그리디 알고리즘임."
818_F_solution_20,818_F,Level Generation,solution_20,20,MATH,95,,,40,,0,65,,,0,,0,0,,0,,0,0,,,,0,,,,,,,,COMBINATORICS,65,KEEP_ORIGINAL,"조합(Combinatorics) 공식이 사용되었으나, 전체적인 풀이 구조는 단봉 함수의 최적화라는 더 넓은 수학적 접근과 Ternary Search의 결합임"
1204_D1_solution_4,1204_D1,Kirk and a Binary String (easy version),solution_4,4,DP,95,,0,0,0,,,0,0,,0,,,,30,,,,60,,0,,,,,0,0,,,PREFIX_SUM,60,KEEP_ORIGINAL,"LNDS라는 명확한 상태 정의와 점화식이 존재하며, 이를 통해 최적해를 구하고 있으므로 DP 분류가 적절함"
1204_D1_solution_3,1204_D1,Kirk and a Binary String (easy version),solution_3,3,GREEDY,90,,,0,,,,,,0,0,,,0,,,,0,,0,0,,,0,95,,,0,0,STACK,95,LIKELY_SPECIFIC_ALGORITHM,"그리디하게 최적의 쌍을 찾는 과정이 스택 자료구조를 통해 명확하게 구현되어 있으며, 스택의 LIFO 구조가 풀이의 핵심임."
1204_D1_solution_5,1204_D1,Kirk and a Binary String (easy version),solution_5,5,GREEDY,90,,,0,,,,,,0,0,,,0,,,,0,,0,95,,,0,0,,,0,0,SEGMENT_TREE,95,LIKELY_SPECIFIC_ALGORITHM,"그리디하게 '1'을 '0'으로 바꾸는 전략을 사용하지만, 실제 구현과 시간복잡도의 핵심은 세그먼트 트리의 구간 업데이트와 쿼리에 있음."
1204_D1_solution_6,1204_D1,Kirk and a Binary String (easy version),solution_6,6,GREEDY,90,,,0,,,,,,0,0,,,0,,,,0,,0,0,,,0,95,,,0,0,STACK,95,LIKELY_SPECIFIC_ALGORITHM,"그리디한 매칭 전략을 구현하는 핵심 수단이 스택이며, 가장 인접한 1을 0과 매칭시키는 구조가 시간복잡도와 정답 논리를 결정함"
1204_D1_solution_8,1204_D1,Kirk and a Binary String (easy version),solution_8,8,GREEDY,95,,,0,,,,,,0,0,,,0,,,,0,,0,0,,,0,0,,,0,0,SORTING,0,KEEP_ORIGINAL,"단순한 카운팅 기반의 그리디 매칭 로직이며, 다른 구체적인 자료구조나 알고리즘이 개입하지 않음."
1204_D1_solution_12,1204_D1,Kirk and a Binary String (easy version),solution_12,12,GREEDY,90,,,0,,,,,,0,0,,,0,,,,0,,0,0,,,0,95,,,0,0,STACK,95,LIKELY_SPECIFIC_ALGORITHM,"GREEDY 전략을 사용하고 있으나, 이를 구현하는 핵심 메커니즘이 스택을 이용한 괄호 매칭과 유사한 LIFO 구조의 pairing이므로 STACK이 매우 구체적인 핵심 도구임"
1204_D1_solution_10,1204_D1,Kirk and a Binary String (easy version),solution_10,10,GREEDY,95,,,0,,,,,,10,0,,,0,,,,0,,0,0,,,0,50,,,0,0,STACK,50,KEEP_ORIGINAL,"쌍 매칭을 통한 최적해 도출이라는 명확한 그리디 전략을 사용하고 있으며, 다른 구체적 알고리즘으로 대체될 성격이 아님."
1204_D1_solution_7,1204_D1,Kirk and a Binary String (easy version),solution_7,7,GREEDY,95,,,0,,,,,,10,0,,,0,,,,0,,0,0,,,0,90,,,0,0,STACK,90,LIKELY_SPECIFIC_ALGORITHM,그리디한 선택(불필요한 1 제거)을 구현하는 핵심 메커니즘이 스택을 이용한 괄호 매칭(bracket matching) 구조이므로 STACK의 비중이 매우 높음.
1204_D1_solution_11,1204_D1,Kirk and a Binary String (easy version),solution_11,11,GREEDY,90,,,0,,,,,,75,0,,,0,,,,0,,0,0,,,0,0,,,0,0,DP,75,KEEP_ORIGINAL,"LNDS 계산에 DP가 쓰였으나, 전반적인 해결 전략은 '1'을 '0'으로 바꾸며 최적해를 찾는 그리디 방식이 핵심임"
1204_D1_solution_11,1204_D1,Kirk and a Binary String (easy version),solution_11,11,DP,75,,0,0,0,,,0,0,,0,,,,90,,,,0,,0,,,,,0,0,,,GREEDY,90,KEEP_ORIGINAL,"단순 LNDS 길이 계산을 위한 DP이며, 전체 구조는 그리디함"
1204_D1_solution_9,1204_D1,Kirk and a Binary String (easy version),solution_9,9,GREEDY,95,,,0,,,,,,0,0,,,0,,,,0,,0,0,,,0,90,,,0,0,STACK,90,LIKELY_SPECIFIC_ALGORITHM,"그리디한 매칭 전략이 스택이라는 구체적인 자료구조를 통해 구현되었으며, LIFO 성질을 이용한 짝 맞추기가 풀이의 핵심 구조임"
1204_D1_solution_14,1204_D1,Kirk and a Binary String (easy version),solution_14,14,GREEDY,75,,,0,,,,,,90,0,,,0,,,,0,,0,0,,,0,0,,,0,0,DP,90,LIKELY_SPECIFIC_ALGORITHM,"그리디한 선택을 수행하지만, 그 선택의 근거가 되는 `ret` 값의 계산이 전/후방 DP 결과에 완전히 의존하므로 DP가 더 핵심적인 구조입니다."
1204_D1_solution_14,1204_D1,Kirk and a Binary String (easy version),solution_14,14,DP,90,,0,0,0,,,0,0,,0,,,,75,,,,70,,0,,,,,0,0,,,GREEDY,75,KEEP_ORIGINAL,"누적합과 그리디 요소가 포함되어 있으나, LNDS 길이 계산이라는 명확한 DP 상태 전이(dp[i] = max(zcounts[i], dp[i-1]))가 존재합니다."
1204_D1_solution_13,1204_D1,Kirk and a Binary String (easy version),solution_13,13,GREEDY,95,,,0,,,,,,10,0,,,0,,,,0,,0,0,,,0,75,,,0,0,STACK,75,KEEP_ORIGINAL,"논리적으로 Stack 기반의 매칭 구조를 띠고 있으나, 문제의 핵심은 '매칭 가능한 쌍을 찾으면 0으로 바꾼다'는 그리디한 결정 기준에 있음."
1204_D1_solution_15,1204_D1,Kirk and a Binary String (easy version),solution_15,15,GREEDY,95,,,0,,,,,,30,0,,,0,,,,0,,0,0,,,0,0,,,0,0,DP,30,KEEP_ORIGINAL,"LNDS의 불변량을 유지하며 0의 개수를 최대화하는 그리디 전략이 명확하며, 다른 특정 알고리즘으로 대체될 구조가 아님"
1204_D1_solution_16,1204_D1,Kirk and a Binary String (easy version),solution_16,16,DP,95,,0,0,0,,,0,0,,0,,,,40,,,,0,,0,,,,,0,0,,,GREEDY,40,KEEP_ORIGINAL,"명확한 상태 정의(zero, one)와 점화식이 존재하므로 DP가 가장 적절함."
1204_D1_solution_18,1204_D1,Kirk and a Binary String (easy version),solution_18,18,GREEDY,95,,,0,,,,,,0,0,,,0,,,,0,,0,0,,,0,40,,,0,0,STACK,40,KEEP_ORIGINAL,"카운터를 이용한 매칭 구조가 STACK과 유사하지만, 문제 해결의 핵심은 짝이 없는 1을 0으로 바꾸는 그리디 전략에 있습니다."
1204_D1_solution_17,1204_D1,Kirk and a Binary String (easy version),solution_17,17,GREEDY,90,,,0,,,,,,10,0,,,0,,,,0,,0,0,,,0,70,,,20,0,STACK,70,KEEP_ORIGINAL,"논리적으로 STACK 기반의 매칭이지만, 문제의 핵심은 매 순간 짝을 짓는 GREEDY 전략에 있으며, 구현상 단순 시뮬레이션에 가까움"
257_A_solution_1,257_A,Sockets,solution_1,1,GREEDY,95,,,0,,,,,,0,0,,,0,,,,0,,0,0,,,85,0,,,0,0,SORTING,85,KEEP_ORIGINAL,"가장 큰 값을 우선적으로 선택하는 전형적인 Greedy 문제이며, 정렬은 이를 위한 수단으로 적절히 사용됨"
1204_D1_solution_19,1204_D1,Kirk and a Binary String (easy version),solution_19,19,GREEDY,95,,,0,,,,,,85,0,,,0,,,,0,,0,0,,,0,0,,,0,0,DP,85,KEEP_ORIGINAL,"DP는 그리디 결정을 위한 전처리 도구로 사용되었으며, 전체적인 문제 해결 전략은 0을 최대화하기 위해 순차적으로 변경하는 그리디 방식이 핵심임"
1204_D1_solution_19,1204_D1,Kirk and a Binary String (easy version),solution_19,19,DP,85,,0,0,0,,,0,0,,0,,,,95,,,,40,,0,,,,,0,0,,,GREEDY,95,KEEP_ORIGINAL,"f[i], g[i] 계산에 DP가 쓰였으나, 이는 LNDS라는 부분 문제의 최적해를 구하기 위한 수단이며 최종 정답 도출은 그리디 루프에서 이루어짐"
257_A_solution_2,257_A,Sockets,solution_2,2,GREEDY,95,,,0,,,,,,0,0,,,0,,,,0,,30,0,,,85,0,,,0,0,SORTING,85,KEEP_ORIGINAL,"정렬을 통한 그리디 선택이 문제의 핵심이며, 다른 구체적인 알고리즘으로 대체할 필요가 없는 전형적인 Greedy 문제임"
257_A_solution_3,257_A,Sockets,solution_3,3,GREEDY,95,,,0,,,,,,0,0,,,0,,,,0,,0,0,,,85,0,,,0,0,SORTING,85,KEEP_ORIGINAL,"SORTING이 사용되었으나 이는 그리디 선택을 위한 전처리 과정이며, 전체적인 풀이 구조는 매 순간 최적의 필터를 선택하는 그리디 알고리즘이 핵심임"
1204_D1_solution_20,1204_D1,Kirk and a Binary String (easy version),solution_20,20,GREEDY,60,,,0,,,,,,40,0,,,0,,,,0,,0,0,,,0,0,,,0,0,DP,40,KEEP_ORIGINAL,"그리디한 선택 과정이 포함되어 있으나, 근거가 되는 데이터가 O(n^2) 전수 조사 결과이므로 브루트포스/시뮬레이션 분류가 더 적절함."
257_A_solution_4,257_A,Sockets,solution_4,4,GREEDY,95,,,0,,,,,,0,0,,,0,,,,0,,0,0,,,85,0,,,0,0,SORTING,85,KEEP_ORIGINAL,"정렬을 사용하고 있으나, 이는 매 순간 최적의 선택을 하기 위한 전처리 과정이며 전체적인 풀이 구조는 전형적인 그리디 전략임"
257_A_solution_5,257_A,Sockets,solution_5,5,GREEDY,95,,,0,,,,,,0,0,,,0,,,,0,,0,0,,,85,0,,,0,0,SORTING,85,KEEP_ORIGINAL,"정렬을 사용하고 있으나 이는 그리디 선택을 위한 수단이며, 매 순간 최선의 선택을 하는 그리디 논리가 풀이의 핵심임"
257_A_solution_6,257_A,Sockets,solution_6,6,GREEDY,100,,,0,,,,,,0,0,,,0,,,,0,,0,0,,,90,0,,,0,0,SORTING,90,KEEP_ORIGINAL,"정렬을 사용하고 있으나, 핵심 논리는 '가장 큰 것을 먼저 선택한다'는 그리디 전략에 기반함"
257_A_solution_8,257_A,Sockets,solution_8,8,GREEDY,95,,,0,,,,,,0,0,,,0,,,,0,,0,0,,,85,0,,,0,0,SORTING,85,KEEP_ORIGINAL,"정렬이 사용되었으나 이는 그리디 선택을 위한 전처리 과정이며, 전체적인 문제 해결 논리는 최선의 선택을 반복하는 그리디 전략이 핵심임"
257_A_solution_7,257_A,Sockets,solution_7,7,GREEDY,95,,,0,,,,,,0,0,,,0,,,,0,,20,0,,,80,0,,,0,0,SORTING,80,KEEP_ORIGINAL,"가장 큰 값을 우선적으로 선택하는 전략이 명확하며, 정렬은 이를 구현하기 위한 표준적인 방법임. 다른 특수한 알고리즘이 개입될 여지가 없는 전형적인 그리디 문제임."
257_A_solution_9,257_A,Sockets,solution_9,9,GREEDY,95,,,0,,,,,,0,0,,,0,,,,0,,40,0,,,85,0,,,0,0,SORTING,85,KEEP_ORIGINAL,"정렬(SORTING)이 사용되었으나, 이는 그리디 선택(가장 큰 값부터 선택)을 수행하기 위한 수단이며 전체 풀이의 핵심 논리는 그리디 전략임."
257_A_solution_10,257_A,Sockets,solution_10,10,GREEDY,95,,,0,,,,,,0,0,,,0,,,,0,,0,0,,,80,0,,,0,0,SORTING,80,KEEP_ORIGINAL,"정렬을 사용하지만 이는 그리디 선택을 위한 전처리에 불과하며, 핵심 논리는 가장 큰 값을 먼저 선택하는 그리디 전략임."
257_A_solution_11,257_A,Sockets,solution_11,11,GREEDY,95,,,0,,,,,,0,0,,,0,,,,0,,30,0,,,85,0,,,0,0,SORTING,85,KEEP_ORIGINAL,"정렬을 통한 그리디 선택이 이 문제의 최적 전략임을 확신할 수 있으며, 더 구체적인 알고리즘으로 대체될 여지가 없음"
257_A_solution_12,257_A,Sockets,solution_12,12,GREEDY,95,,,0,,,,,,0,0,,,0,,,,0,,20,0,,,85,0,,,0,0,SORTING,85,KEEP_ORIGINAL,"정렬 후 최댓값을 선택하는 전형적인 그리디 문제이며, 다른 특수 자료구조나 알고리즘이 필요하지 않음."
257_A_solution_15,257_A,Sockets,solution_15,15,GREEDY,95,,,0,,,,,,0,0,,,0,,,,0,,0,0,,,85,0,,,0,0,SORTING,85,KEEP_ORIGINAL,"정렬을 사용하지만 이는 그리디 선택을 위한 전처리일 뿐이며, 매 순간 최적의 선택을 하는 그리디 논리가 풀이의 핵심임."
257_A_solution_14,257_A,Sockets,solution_14,14,GREEDY,95,,,0,,,,,,0,0,,,0,,,,0,,0,0,,,85,0,,,0,0,SORTING,85,KEEP_ORIGINAL,"정렬(SORTING)이 사용되었으나, 이는 그리디 선택을 위한 전처리 과정이며 전체적인 문제 해결 논리는 그리디함"
257_A_solution_13,257_A,Sockets,solution_13,13,GREEDY,95,,,0,,,,,,0,0,,,0,,,,0,,0,0,,,85,0,,,0,0,SORTING,85,KEEP_ORIGINAL,정렬 후 최대값을 선택하는 전형적인 그리디 접근 방식임
257_A_solution_16,257_A,Sockets,solution_16,16,GREEDY,95,,,0,,,,,,0,0,,,0,,,,0,,0,0,,,60,0,,,0,0,SORTING,60,KEEP_ORIGINAL,"정렬 후 최대값을 선택하는 전형적인 그리디 구조이며, 정렬 자체가 풀이의 핵심 전처리임."
257_A_solution_17,257_A,Sockets,solution_17,17,GREEDY,95,,,0,,,,,,0,0,,,0,,,,0,,0,0,,,85,0,,,0,0,SORTING,85,KEEP_ORIGINAL,"정렬(SORTING)이 사용되었으나, 이는 그리디 선택을 위한 전처리 단계이며 문제의 핵심 논리는 최대 소켓 필터를 우선 선택하는 GREEDY 전략임."
257_A_solution_19,257_A,Sockets,solution_19,19,GREEDY,95,,,0,,,,,,0,0,,,0,,,,0,,40,0,,,85,0,,,0,0,SORTING,85,KEEP_ORIGINAL,"정렬(SORTING)이 사용되었으나, 이는 최적의 필터를 선택하기 위한 그리디 전략의 구현 도구임. 문제의 핵심 논리는 그리디 선택에 있음"
257_A_solution_18,257_A,Sockets,solution_18,18,GREEDY,95,,,0,,,,,,0,0,,,0,,,,0,,0,0,,,85,0,,,0,0,SORTING,85,KEEP_ORIGINAL,"정렬(SORTING)이 사용되었으나, 이는 그리디 전략을 구현하기 위한 전형적인 수단이며 전체적인 풀이의 핵심 논리는 그리디에 있음"
257_A_solution_20,257_A,Sockets,solution_20,20,GREEDY,95,,,0,,,,,,0,0,,,0,,,,0,,40,0,,,85,0,,,0,0,SORTING,85,KEEP_ORIGINAL,"정렬을 사용했지만, 이는 그리디 선택을 위한 전처리 과정임. 매 순간 최적의 선택이 전체 최적을 보장하는 구조이므로 GREEDY가 가장 적절함."
1041_C_solution_1,1041_C,Coffee Break,solution_1,1,GREEDY,95,,,90,,,,,,0,0,,,0,,,,0,,30,0,,,40,0,,,0,0,BINARY_SEARCH,90,LIKELY_SPECIFIC_ALGORITHM,"그리디 전략이 핵심이지만, 실제 구현에서 std::map의 lower_bound 성질(Binary Search)이 시간복잡도를 결정하는 핵심 도구로 사용됨"
1041_C_solution_3,1041_C,Coffee Break,solution_3,3,GREEDY,70,,,90,,,,,,0,0,,,0,,,,100,,0,0,,,90,0,,,0,0,PARAMETRIC_SEARCH,100,LIKELY_SPECIFIC_ALGORITHM,"단순 Greedy 풀이가 아니라, 최적의 일수를 찾기 위한 Parametric Search 구조가 전체 로직을 결정함."
1041_C_solution_2,1041_C,Coffee Break,solution_2,2,GREEDY,95,,,80,,,,,,0,0,,,0,,,,0,,30,0,,,70,0,,,0,0,BINARY_SEARCH,80,KEEP_ORIGINAL,"전형적인 Greedy + Set(Binary Search) 조합의 풀이임. Greedy한 선택 기준(가장 빠른 시간 선택)이 풀이의 핵심이며, Binary Search는 이를 효율적으로 구현하기 위한 도구로 사용됨."
1041_C_solution_4,1041_C,Coffee Break,solution_4,4,GREEDY,95,,,85,,,,,,0,0,,,0,,,,0,,0,0,,,60,0,,,0,0,BINARY_SEARCH,85,KEEP_ORIGINAL,"그리디 전략(가장 빠른 시간 선택)이 풀이의 핵심이며, BINARY_SEARCH(lower_bound)는 그 전략을 O(n log n)으로 구현하기 위한 도구로 사용되었습니다."
1041_C_solution_6,1041_C,Coffee Break,solution_6,6,GREEDY,95,,,85,,,,,,0,0,,,0,,,,0,,0,0,,,80,0,,,0,0,BINARY_SEARCH,85,KEEP_ORIGINAL,"Greedy 전략(가장 빠른 시간 선택)이 풀이의 핵심 논리이며, Binary Search는 이를 효율적으로 구현하기 위한 도구로 사용됨"
1041_C_solution_8,1041_C,Coffee Break,solution_8,8,GREEDY,95,,,70,,,,,,0,0,,,0,,,,0,,70,0,,,80,0,,,40,0,SORTING,80,KEEP_ORIGINAL,"전체적인 풀이 구조가 '최적의 선택을 반복'하는 그리디 전략에 기반하고 있으며, SORTING과 BINARY_SEARCH는 이를 구현하기 위한 도구적 성격이 강함"
1041_C_solution_7,1041_C,Coffee Break,solution_7,7,GREEDY,95,,,60,,,,,,0,0,,,0,,,,0,,30,0,,,80,0,,,20,0,SORTING,80,LIKELY_SPECIFIC_ALGORITHM,그리디 전략의 핵심인 '최적의 다음 원소 찾기'를 위해 BOUND_SEARCH(lower_bound)가 시간복잡도와 풀이 구조를 결정하는 핵심 도구로 사용됨
1041_C_solution_9,1041_C,Coffee Break,solution_9,9,GREEDY,95,,,0,,,,,,0,0,,,0,,,,0,,0,0,,,90,0,,,65,0,SORTING,90,KEEP_ORIGINAL,"정렬과 투포인터 기반의 그리디 전략이 명확하며, 다른 구체적인 자료구조(세그먼트 트리 등) 없이도 문제의 요구사항을 해결하는 구조임."
1041_C_solution_5,1041_C,Coffee Break,solution_5,5,GREEDY,95,,,85,,,,,,0,0,,,0,,,,0,,0,0,,,80,0,,,0,0,BINARY_SEARCH,85,KEEP_ORIGINAL,"이분 탐색(BINARY_SEARCH)이 높게 측정되었으나, 이는 그리디 전략을 효율적으로 수행하기 위한 탐색 도구일 뿐이며 문제 해결의 핵심 논리는 그리디 선택에 있음."
1041_C_solution_10,1041_C,Coffee Break,solution_10,10,GREEDY,95,,,0,,,,,,0,0,,,0,,,,0,,60,0,,,90,0,,,0,0,SORTING,90,KEEP_ORIGINAL,"정렬을 통한 그리디 선택이 명확하며, 큐는 이를 효율적으로 구현하기 위한 수단으로 사용되었으므로 GREEDY 유지가 적절함."
1041_C_solution_11,1041_C,Coffee Break,solution_11,11,GREEDY,95,,,85,,,,,,0,0,,,0,,,,0,,0,0,,,60,0,,,20,0,BINARY_SEARCH,85,KEEP_ORIGINAL,"TreeSet.ceiling()이 내부적으로 이분 탐색 구조를 사용하지만, 전체적인 풀이의 논리는 '가능한 가장 빠른 시간을 선택'하는 그리디 전략에 기반하고 있음."
1041_C_solution_13,1041_C,Coffee Break,solution_13,13,GREEDY,90,,,70,,,,,,0,0,,,0,,,,0,,40,0,,,95,0,,,0,0,SORTING,95,LIKELY_SPECIFIC_ALGORITHM,"기본 전략은 GREEDY가 맞으나, 실제 구현의 핵심 효율성은 SORTING과 TreeSet을 이용한 BOUND_SEARCH(Binary Search 계열)에서 발생함"
1041_C_solution_12,1041_C,Coffee Break,solution_12,12,GREEDY,95,,,75,,,,,,0,0,,,0,,,,0,,40,0,,,90,0,,,20,0,SORTING,90,KEEP_ORIGINAL,"그리디 전략이 문제 해결의 핵심이며, 정렬과 이분탐색은 이를 효율적으로 구현하기 위한 수단임"
1041_C_solution_14,1041_C,Coffee Break,solution_14,14,GREEDY,90,,,95,,,,,,0,0,,,0,,,,0,,0,0,,,80,0,,,0,0,BINARY_SEARCH,95,LIKELY_SPECIFIC_ALGORITHM,"GREEDY 전략을 사용하고 있으나, 시간복잡도를 결정짓는 핵심 메커니즘은 BINARY_SEARCH를 통한 다음 원소 탐색임"
1041_C_solution_17,1041_C,Coffee Break,solution_17,17,GREEDY,100,,,0,,,,,,0,0,,,0,,,,0,,90,0,,,90,0,,,40,0,SORTING,90,LIKELY_SPECIFIC_ALGORITHM,단순 그리디보다 정렬 후 Priority Queue(set)를 이용해 최소 종료 시간을 관리하는 구조가 시간복잡도와 풀이의 핵심임
1041_C_solution_16,1041_C,Coffee Break,solution_16,16,GREEDY,95,,,85,,,,,,0,0,,,0,,,,0,,20,0,,,60,0,,,20,0,BINARY_SEARCH,85,KEEP_ORIGINAL,"TreeSet의 higher()가 내부적으로 이분 탐색을 수행하므로 BINARY_SEARCH 점수가 높으나, 이는 그리디 전략을 구현하기 위한 수단일 뿐이며 전체적인 풀이 구조는 전형적인 그리디 방식임"
1041_C_solution_18,1041_C,Coffee Break,solution_18,18,GREEDY,95,,,85,,,,,,0,0,,,0,,,,0,,40,0,,,70,0,,,20,0,BINARY_SEARCH,85,KEEP_ORIGINAL,"BINARY_SEARCH 점수가 높지만, 이는 Greedy 전략을 효율적으로 구현하기 위한 도구(TreeMap.ceilingKey)로 사용된 것이며, 전체적인 풀이의 핵심 논리는 '가장 빠른 시간을 선택한다'는 Greedy 전략에 기반함."
1041_C_solution_19,1041_C,Coffee Break,solution_19,19,GREEDY,95,,,85,,,,,,0,0,,,0,,,,0,,0,0,,,60,0,,,0,0,BINARY_SEARCH,85,KEEP_ORIGINAL,"TreeSet.higher()를 통해 이진 탐색을 수행하지만, 이는 그리디 전략을 효율적으로 구현하기 위한 도구일 뿐, 전체적인 풀이 구조는 그리디 알고리즘에 기반함"
1041_C_solution_20,1041_C,Coffee Break,solution_20,20,GREEDY,95,,,85,,,,,,0,0,,,0,,,,0,,0,0,,,50,0,,,0,0,BINARY_SEARCH,85,LIKELY_SPECIFIC_ALGORITHM,"전체적인 전략은 그리디하지만, 시간복잡도 통과를 결정짓는 핵심 메커니즘은 TreeSet.ceiling()을 통한 이분 탐색(Binary Search/Bound Search) 구조임"
1041_C_solution_15,1041_C,Coffee Break,solution_15,15,GREEDY,95,,,0,,,,,,0,0,,,0,,,,0,,95,0,,,85,0,,,0,0,PRIORITY_QUEUE,95,KEEP_ORIGINAL,"우선순위 큐가 사용되었으나 이는 그리디 선택(가장 빨리 끝난 날 선택)을 효율적으로 수행하기 위한 도구이며, 핵심 논리는 그리디 스케줄링에 있음"
165_E_solution_13,165_E,Compatible Numbers,solution_13,13,DP,85,,0,0,90,,,0,0,,0,,,,0,,,,0,,0,,,,,0,0,,,BITMASK,90,LIKELY_SPECIFIC_ALGORITHM,일반적인 DP보다 비트마스크 상태 전이를 이용한 SOS DP가 훨씬 구체적이고 정확한 분류임.
165_E_solution_13,165_E,Compatible Numbers,solution_13,13,BITMASK,90,0,0,,,0,,0,,95,,,,,,30,,,,,,,0,,,,,,,DP,95,LIKELY_SPECIFIC_ALGORITHM,"비트마스크는 상태 표현 방식으로 쓰였으며, 실제 풀이의 핵심 구조는 DP(SOS DP)임."
962_B_solution_4,962_B,Students in Railway Carriage,solution_4,4,GREEDY,95,,,0,,,,,,0,0,,,0,,,,0,,0,0,,,0,0,,,20,0,TWO_POINTERS,20,KEEP_ORIGINAL,단순한 빈 좌석 덩어리 계산과 학생 수 비교를 통한 할당이므로 그리디 알고리즘이 가장 적절함.
962_B_solution_1,962_B,Students in Railway Carriage,solution_1,1,GREEDY,95,,,0,,,,,,0,0,,,0,,,,0,,0,0,,,0,0,,,0,0,SORTING,0,KEEP_ORIGINAL,"단순한 비교 기반의 그리디 선택으로 최적해가 보장되며, 다른 구체적인 알고리즘이 필요하지 않음."
165_E_solution_20,165_E,Compatible Numbers,solution_20,20,DP,90,,0,0,95,,,0,0,,0,,,,0,,,,0,,0,,,,,0,0,,,BITMASK,95,KEEP_ORIGINAL,"SOS DP는 비트마스크를 상태로 하는 전형적인 DP이며, BITMASK와 결합된 형태가 최적임"
165_E_solution_20,165_E,Compatible Numbers,solution_20,20,BITMASK,95,0,0,,,0,,0,,100,,,,,,0,,,,,,,0,,,,,,,DP,100,LIKELY_SPECIFIC_ALGORITHM,"단순 비트 연산이 아니라, 비트마스크 상태 간의 전이를 이용한 DP(SOS DP)가 시간복잡도를 결정하는 핵심 알고리즘임"
165_E_solution_16,165_E,Compatible Numbers,solution_16,16,DP,90,,0,0,95,,,0,0,,0,,,,0,,,,0,,0,,,,,0,0,,,BITMASK,95,KEEP_ORIGINAL,비트마스크 기반의 상태 전이 DP 구조가 명확함.
165_E_solution_16,165_E,Compatible Numbers,solution_16,16,BITMASK,95,0,0,,,20,,0,,100,,,,,,30,,,,,,,0,,,,,,,DP,100,LIKELY_SPECIFIC_ALGORITHM,단순 비트마스크 사용이 아니라 dp[mask] 형태의 상태 전이가 풀이의 시간복잡도를 결정하는 핵심임.
962_B_solution_7,962_B,Students in Railway Carriage,solution_7,7,GREEDY,95,,,0,,,,,,0,0,,,0,,,,0,,60,0,,,40,0,,,0,0,PRIORITY_QUEUE,60,KEEP_ORIGINAL,"PriorityQueue가 사용되었으나 이는 그리디 전략을 수행하기 위한 수단이며, 전체적인 문제 해결 논리는 매 순간 최선의 선택을 하는 GREEDY가 가장 적절함"
962_B_solution_19,962_B,Students in Railway Carriage,solution_19,19,GREEDY,95,,,0,,,,,,0,0,,,0,,,,0,,0,0,,,45,0,,,0,0,SORTING,45,KEEP_ORIGINAL,"정렬(SORTING)이 사용되었으나 이는 그리디 배치를 위한 전처리 과정일 뿐이며, 핵심 로직은 각 구간 내에서의 학생 배분 전략인 그리디 방식입니다."
1554_C_solution_4,1554_C,Mikasa,solution_4,4,GREEDY,95,,,20,,,,,,0,0,,,0,,,,20,,0,0,,,0,0,,,0,0,BINARY_SEARCH,20,KEEP_ORIGINAL,"비트 단위의 그리디 선택이 풀이의 핵심이며, 다른 특정 알고리즘으로 대체되는 구조가 아님"
